coverage,avg_set_size,accuracy,dataset,model,seed,alpha,target_coverage,distribution_noise,label_noise,sample_size,coverage_gap,experiment
0.9298245614035088,0.9473684210526315,0.9736842105263158,breast_cancer,logistic_regression,0,0.1,0.9,0.0,0.0,full,0.029824561403508754,sample_size
0.9210526315789473,0.9298245614035088,0.9736842105263158,breast_cancer,logistic_regression,0,0.1,0.9,0.1,0.0,full,0.021052631578947323,distribution_shift
0.9122807017543859,0.9210526315789473,0.9736842105263158,breast_cancer,logistic_regression,0,0.1,0.9,0.2,0.0,full,0.012280701754385892,distribution_shift
0.8859649122807017,0.8947368421052632,0.9649122807017544,breast_cancer,logistic_regression,0,0.1,0.9,0.5,0.0,full,-0.01403508771929829,distribution_shift
0.8421052631578947,0.8859649122807017,0.9035087719298246,breast_cancer,logistic_regression,0,0.1,0.9,1.0,0.0,full,-0.05789473684210533,distribution_shift
0.9298245614035088,0.9473684210526315,0.9736842105263158,breast_cancer,logistic_regression,0,0.1,0.9,0.0,0.0,full,0.029824561403508754,sample_size
0.8947368421052632,0.9649122807017544,0.9210526315789473,breast_cancer,logistic_regression,0,0.1,0.9,0.0,0.1,full,-0.0052631578947368585,label_noise
0.8771929824561403,0.9473684210526315,0.8859649122807017,breast_cancer,logistic_regression,0,0.1,0.9,0.0,0.2,full,-0.02280701754385972,label_noise
0.9035087719298246,0.9824561403508771,0.9122807017543859,breast_cancer,logistic_regression,0,0.1,0.9,0.0,0.3,full,0.0035087719298245723,label_noise
0.9122807017543859,0.9122807017543859,0.956140350877193,breast_cancer,logistic_regression,0,0.1,0.9,0.0,0.0,100,0.012280701754385892,sample_size
0.9298245614035088,0.9473684210526315,0.9736842105263158,breast_cancer,logistic_regression,0,0.1,0.9,0.0,0.0,500,0.029824561403508754,sample_size
0.9298245614035088,0.9473684210526315,0.9736842105263158,breast_cancer,logistic_regression,0,0.1,0.9,0.0,0.0,1000,0.029824561403508754,sample_size
0.9298245614035088,0.9473684210526315,0.9736842105263158,breast_cancer,logistic_regression,0,0.1,0.9,0.0,0.0,full,0.029824561403508754,sample_size
0.9122807017543859,0.9122807017543859,0.9736842105263158,breast_cancer,logistic_regression,1,0.1,0.9,0.0,0.0,full,0.012280701754385892,sample_size
0.9122807017543859,0.9210526315789473,0.9736842105263158,breast_cancer,logistic_regression,1,0.1,0.9,0.1,0.0,full,0.012280701754385892,distribution_shift
0.9122807017543859,0.9210526315789473,0.9736842105263158,breast_cancer,logistic_regression,1,0.1,0.9,0.2,0.0,full,0.012280701754385892,distribution_shift
0.8859649122807017,0.9035087719298246,0.956140350877193,breast_cancer,logistic_regression,1,0.1,0.9,0.5,0.0,full,-0.01403508771929829,distribution_shift
0.8070175438596491,0.8508771929824561,0.9298245614035088,breast_cancer,logistic_regression,1,0.1,0.9,1.0,0.0,full,-0.09298245614035094,distribution_shift
0.9122807017543859,0.9122807017543859,0.9736842105263158,breast_cancer,logistic_regression,1,0.1,0.9,0.0,0.0,full,0.012280701754385892,sample_size
0.956140350877193,1.0350877192982457,0.9298245614035088,breast_cancer,logistic_regression,1,0.1,0.9,0.0,0.1,full,0.056140350877192935,label_noise
0.956140350877193,1.087719298245614,0.9035087719298246,breast_cancer,logistic_regression,1,0.1,0.9,0.0,0.2,full,0.056140350877192935,label_noise
0.8245614035087719,1.1228070175438596,0.7894736842105263,breast_cancer,logistic_regression,1,0.1,0.9,0.0,0.3,full,-0.07543859649122808,label_noise
0.868421052631579,0.868421052631579,0.9824561403508771,breast_cancer,logistic_regression,1,0.1,0.9,0.0,0.0,100,-0.03157894736842104,sample_size
0.9122807017543859,0.9122807017543859,0.9736842105263158,breast_cancer,logistic_regression,1,0.1,0.9,0.0,0.0,500,0.012280701754385892,sample_size
0.9122807017543859,0.9122807017543859,0.9736842105263158,breast_cancer,logistic_regression,1,0.1,0.9,0.0,0.0,1000,0.012280701754385892,sample_size
0.9122807017543859,0.9122807017543859,0.9736842105263158,breast_cancer,logistic_regression,1,0.1,0.9,0.0,0.0,full,0.012280701754385892,sample_size
0.9298245614035088,0.9385964912280702,0.9736842105263158,breast_cancer,logistic_regression,2,0.1,0.9,0.0,0.0,full,0.029824561403508754,sample_size
0.956140350877193,0.9649122807017544,0.9736842105263158,breast_cancer,logistic_regression,2,0.1,0.9,0.1,0.0,full,0.056140350877192935,distribution_shift
0.9473684210526315,0.956140350877193,0.9736842105263158,breast_cancer,logistic_regression,2,0.1,0.9,0.2,0.0,full,0.047368421052631504,distribution_shift
0.9473684210526315,0.9649122807017544,0.9649122807017544,breast_cancer,logistic_regression,2,0.1,0.9,0.5,0.0,full,0.047368421052631504,distribution_shift
0.8859649122807017,0.9122807017543859,0.9298245614035088,breast_cancer,logistic_regression,2,0.1,0.9,1.0,0.0,full,-0.01403508771929829,distribution_shift
0.9298245614035088,0.9385964912280702,0.9736842105263158,breast_cancer,logistic_regression,2,0.1,0.9,0.0,0.0,full,0.029824561403508754,sample_size
0.9298245614035088,0.9736842105263158,0.9473684210526315,breast_cancer,logistic_regression,2,0.1,0.9,0.0,0.1,full,0.029824561403508754,label_noise
0.9385964912280702,1.0087719298245614,0.9298245614035088,breast_cancer,logistic_regression,2,0.1,0.9,0.0,0.2,full,0.038596491228070184,label_noise
0.9298245614035088,1.0526315789473684,0.9035087719298246,breast_cancer,logistic_regression,2,0.1,0.9,0.0,0.3,full,0.029824561403508754,label_noise
0.9649122807017544,0.9736842105263158,0.9736842105263158,breast_cancer,logistic_regression,2,0.1,0.9,0.0,0.0,100,0.06491228070175437,sample_size
0.9298245614035088,0.9385964912280702,0.9736842105263158,breast_cancer,logistic_regression,2,0.1,0.9,0.0,0.0,500,0.029824561403508754,sample_size
0.9298245614035088,0.9385964912280702,0.9736842105263158,breast_cancer,logistic_regression,2,0.1,0.9,0.0,0.0,1000,0.029824561403508754,sample_size
0.9298245614035088,0.9385964912280702,0.9736842105263158,breast_cancer,logistic_regression,2,0.1,0.9,0.0,0.0,full,0.029824561403508754,sample_size
0.9035087719298246,0.9122807017543859,0.9824561403508771,breast_cancer,logistic_regression,3,0.1,0.9,0.0,0.0,full,0.0035087719298245723,sample_size
0.9035087719298246,0.9122807017543859,0.9736842105263158,breast_cancer,logistic_regression,3,0.1,0.9,0.1,0.0,full,0.0035087719298245723,distribution_shift
0.9035087719298246,0.9122807017543859,0.9736842105263158,breast_cancer,logistic_regression,3,0.1,0.9,0.2,0.0,full,0.0035087719298245723,distribution_shift
0.868421052631579,0.8859649122807017,0.9736842105263158,breast_cancer,logistic_regression,3,0.1,0.9,0.5,0.0,full,-0.03157894736842104,distribution_shift
0.7631578947368421,0.7894736842105263,0.8947368421052632,breast_cancer,logistic_regression,3,0.1,0.9,1.0,0.0,full,-0.13684210526315788,distribution_shift
0.9035087719298246,0.9122807017543859,0.9824561403508771,breast_cancer,logistic_regression,3,0.1,0.9,0.0,0.0,full,0.0035087719298245723,sample_size
0.9385964912280702,0.9473684210526315,0.9912280701754386,breast_cancer,logistic_regression,3,0.1,0.9,0.0,0.1,full,0.038596491228070184,label_noise
0.956140350877193,1.0,0.956140350877193,breast_cancer,logistic_regression,3,0.1,0.9,0.0,0.2,full,0.056140350877192935,label_noise
0.9473684210526315,1.0263157894736843,0.9385964912280702,breast_cancer,logistic_regression,3,0.1,0.9,0.0,0.3,full,0.047368421052631504,label_noise
0.9298245614035088,0.9473684210526315,0.9736842105263158,breast_cancer,logistic_regression,3,0.1,0.9,0.0,0.0,100,0.029824561403508754,sample_size
0.9035087719298246,0.9122807017543859,0.9824561403508771,breast_cancer,logistic_regression,3,0.1,0.9,0.0,0.0,500,0.0035087719298245723,sample_size
0.9035087719298246,0.9122807017543859,0.9824561403508771,breast_cancer,logistic_regression,3,0.1,0.9,0.0,0.0,1000,0.0035087719298245723,sample_size
0.9035087719298246,0.9122807017543859,0.9824561403508771,breast_cancer,logistic_regression,3,0.1,0.9,0.0,0.0,full,0.0035087719298245723,sample_size
0.9385964912280702,0.9473684210526315,0.9736842105263158,breast_cancer,logistic_regression,4,0.1,0.9,0.0,0.0,full,0.038596491228070184,sample_size
0.9473684210526315,0.956140350877193,0.9824561403508771,breast_cancer,logistic_regression,4,0.1,0.9,0.1,0.0,full,0.047368421052631504,distribution_shift
0.9385964912280702,0.9385964912280702,0.9736842105263158,breast_cancer,logistic_regression,4,0.1,0.9,0.2,0.0,full,0.038596491228070184,distribution_shift
0.9210526315789473,0.9210526315789473,0.9473684210526315,breast_cancer,logistic_regression,4,0.1,0.9,0.5,0.0,full,0.021052631578947323,distribution_shift
0.8421052631578947,0.868421052631579,0.9298245614035088,breast_cancer,logistic_regression,4,0.1,0.9,1.0,0.0,full,-0.05789473684210533,distribution_shift
0.9385964912280702,0.9473684210526315,0.9736842105263158,breast_cancer,logistic_regression,4,0.1,0.9,0.0,0.0,full,0.038596491228070184,sample_size
0.8947368421052632,0.9298245614035088,0.9385964912280702,breast_cancer,logistic_regression,4,0.1,0.9,0.0,0.1,full,-0.0052631578947368585,label_noise
0.8947368421052632,0.9385964912280702,0.9298245614035088,breast_cancer,logistic_regression,4,0.1,0.9,0.0,0.2,full,-0.0052631578947368585,label_noise
0.8859649122807017,0.9649122807017544,0.9122807017543859,breast_cancer,logistic_regression,4,0.1,0.9,0.0,0.3,full,-0.01403508771929829,label_noise
0.9035087719298246,0.9122807017543859,0.9824561403508771,breast_cancer,logistic_regression,4,0.1,0.9,0.0,0.0,100,0.0035087719298245723,sample_size
0.9385964912280702,0.9473684210526315,0.9736842105263158,breast_cancer,logistic_regression,4,0.1,0.9,0.0,0.0,500,0.038596491228070184,sample_size
0.9385964912280702,0.9473684210526315,0.9736842105263158,breast_cancer,logistic_regression,4,0.1,0.9,0.0,0.0,1000,0.038596491228070184,sample_size
0.9385964912280702,0.9473684210526315,0.9736842105263158,breast_cancer,logistic_regression,4,0.1,0.9,0.0,0.0,full,0.038596491228070184,sample_size
0.8859649122807017,0.9210526315789473,0.9473684210526315,breast_cancer,random_forest,0,0.1,0.9,0.0,0.0,full,-0.01403508771929829,sample_size
0.8771929824561403,0.9122807017543859,0.9473684210526315,breast_cancer,random_forest,0,0.1,0.9,0.1,0.0,full,-0.02280701754385972,distribution_shift
0.868421052631579,0.8859649122807017,0.9385964912280702,breast_cancer,random_forest,0,0.1,0.9,0.2,0.0,full,-0.03157894736842104,distribution_shift
0.8157894736842105,0.8245614035087719,0.9385964912280702,breast_cancer,random_forest,0,0.1,0.9,0.5,0.0,full,-0.08421052631578951,distribution_shift
0.5964912280701754,0.6140350877192983,0.9035087719298246,breast_cancer,random_forest,0,0.1,0.9,1.0,0.0,full,-0.3035087719298246,distribution_shift
0.8859649122807017,0.9210526315789473,0.9473684210526315,breast_cancer,random_forest,0,0.1,0.9,0.0,0.0,full,-0.01403508771929829,sample_size
0.868421052631579,0.9210526315789473,0.9298245614035088,breast_cancer,random_forest,0,0.1,0.9,0.0,0.1,full,-0.03157894736842104,label_noise
0.8947368421052632,0.9736842105263158,0.9210526315789473,breast_cancer,random_forest,0,0.1,0.9,0.0,0.2,full,-0.0052631578947368585,label_noise
0.9298245614035088,1.0789473684210527,0.8859649122807017,breast_cancer,random_forest,0,0.1,0.9,0.0,0.3,full,0.029824561403508754,label_noise
0.868421052631579,0.9035087719298246,0.9385964912280702,breast_cancer,random_forest,0,0.1,0.9,0.0,0.0,100,-0.03157894736842104,sample_size
0.8859649122807017,0.9210526315789473,0.9473684210526315,breast_cancer,random_forest,0,0.1,0.9,0.0,0.0,500,-0.01403508771929829,sample_size
0.8859649122807017,0.9210526315789473,0.9473684210526315,breast_cancer,random_forest,0,0.1,0.9,0.0,0.0,1000,-0.01403508771929829,sample_size
0.8859649122807017,0.9210526315789473,0.9473684210526315,breast_cancer,random_forest,0,0.1,0.9,0.0,0.0,full,-0.01403508771929829,sample_size
0.9035087719298246,0.9210526315789473,0.956140350877193,breast_cancer,random_forest,1,0.1,0.9,0.0,0.0,full,0.0035087719298245723,sample_size
0.8947368421052632,0.9035087719298246,0.956140350877193,breast_cancer,random_forest,1,0.1,0.9,0.1,0.0,full,-0.0052631578947368585,distribution_shift
0.8771929824561403,0.8947368421052632,0.9385964912280702,breast_cancer,random_forest,1,0.1,0.9,0.2,0.0,full,-0.02280701754385972,distribution_shift
0.8157894736842105,0.8333333333333334,0.9473684210526315,breast_cancer,random_forest,1,0.1,0.9,0.5,0.0,full,-0.08421052631578951,distribution_shift
0.5701754385964912,0.5789473684210527,0.9210526315789473,breast_cancer,random_forest,1,0.1,0.9,1.0,0.0,full,-0.3298245614035088,distribution_shift
0.9035087719298246,0.9210526315789473,0.956140350877193,breast_cancer,random_forest,1,0.1,0.9,0.0,0.0,full,0.0035087719298245723,sample_size
0.8508771929824561,0.868421052631579,0.956140350877193,breast_cancer,random_forest,1,0.1,0.9,0.0,0.1,full,-0.0491228070175439,label_noise
0.868421052631579,0.8947368421052632,0.9473684210526315,breast_cancer,random_forest,1,0.1,0.9,0.0,0.2,full,-0.03157894736842104,label_noise
0.8245614035087719,1.0175438596491229,0.8245614035087719,breast_cancer,random_forest,1,0.1,0.9,0.0,0.3,full,-0.07543859649122808,label_noise
0.9035087719298246,0.9385964912280702,0.9473684210526315,breast_cancer,random_forest,1,0.1,0.9,0.0,0.0,100,0.0035087719298245723,sample_size
0.9035087719298246,0.9210526315789473,0.956140350877193,breast_cancer,random_forest,1,0.1,0.9,0.0,0.0,500,0.0035087719298245723,sample_size
0.9035087719298246,0.9210526315789473,0.956140350877193,breast_cancer,random_forest,1,0.1,0.9,0.0,0.0,1000,0.0035087719298245723,sample_size
0.9035087719298246,0.9210526315789473,0.956140350877193,breast_cancer,random_forest,1,0.1,0.9,0.0,0.0,full,0.0035087719298245723,sample_size
0.9122807017543859,0.9210526315789473,0.9824561403508771,breast_cancer,random_forest,2,0.1,0.9,0.0,0.0,full,0.012280701754385892,sample_size
0.9210526315789473,0.9298245614035088,0.9824561403508771,breast_cancer,random_forest,2,0.1,0.9,0.1,0.0,full,0.021052631578947323,distribution_shift
0.8947368421052632,0.9035087719298246,0.9824561403508771,breast_cancer,random_forest,2,0.1,0.9,0.2,0.0,full,-0.0052631578947368585,distribution_shift
0.8070175438596491,0.8157894736842105,0.9736842105263158,breast_cancer,random_forest,2,0.1,0.9,0.5,0.0,full,-0.09298245614035094,distribution_shift
0.6140350877192983,0.6228070175438597,0.9298245614035088,breast_cancer,random_forest,2,0.1,0.9,1.0,0.0,full,-0.28596491228070176,distribution_shift
0.9122807017543859,0.9210526315789473,0.9824561403508771,breast_cancer,random_forest,2,0.1,0.9,0.0,0.0,full,0.012280701754385892,sample_size
0.9385964912280702,0.9473684210526315,0.9649122807017544,breast_cancer,random_forest,2,0.1,0.9,0.0,0.1,full,0.038596491228070184,label_noise
0.9385964912280702,0.9736842105263158,0.9473684210526315,breast_cancer,random_forest,2,0.1,0.9,0.0,0.2,full,0.038596491228070184,label_noise
0.9649122807017544,1.0964912280701755,0.9210526315789473,breast_cancer,random_forest,2,0.1,0.9,0.0,0.3,full,0.06491228070175437,label_noise
0.956140350877193,0.9824561403508771,0.9649122807017544,breast_cancer,random_forest,2,0.1,0.9,0.0,0.0,100,0.056140350877192935,sample_size
0.9122807017543859,0.9210526315789473,0.9824561403508771,breast_cancer,random_forest,2,0.1,0.9,0.0,0.0,500,0.012280701754385892,sample_size
0.9122807017543859,0.9210526315789473,0.9824561403508771,breast_cancer,random_forest,2,0.1,0.9,0.0,0.0,1000,0.012280701754385892,sample_size
0.9122807017543859,0.9210526315789473,0.9824561403508771,breast_cancer,random_forest,2,0.1,0.9,0.0,0.0,full,0.012280701754385892,sample_size
0.9649122807017544,0.9912280701754386,0.9736842105263158,breast_cancer,random_forest,3,0.1,0.9,0.0,0.0,full,0.06491228070175437,sample_size
0.956140350877193,0.9736842105263158,0.9736842105263158,breast_cancer,random_forest,3,0.1,0.9,0.1,0.0,full,0.056140350877192935,distribution_shift
0.9385964912280702,0.9649122807017544,0.956140350877193,breast_cancer,random_forest,3,0.1,0.9,0.2,0.0,full,0.038596491228070184,distribution_shift
0.8771929824561403,0.9210526315789473,0.9298245614035088,breast_cancer,random_forest,3,0.1,0.9,0.5,0.0,full,-0.02280701754385972,distribution_shift
0.7807017543859649,0.868421052631579,0.8508771929824561,breast_cancer,random_forest,3,0.1,0.9,1.0,0.0,full,-0.11929824561403513,distribution_shift
0.9649122807017544,0.9912280701754386,0.9736842105263158,breast_cancer,random_forest,3,0.1,0.9,0.0,0.0,full,0.06491228070175437,sample_size
0.956140350877193,0.9736842105263158,0.9649122807017544,breast_cancer,random_forest,3,0.1,0.9,0.0,0.1,full,0.056140350877192935,label_noise
0.9122807017543859,0.956140350877193,0.9473684210526315,breast_cancer,random_forest,3,0.1,0.9,0.0,0.2,full,0.012280701754385892,label_noise
0.9122807017543859,1.0701754385964912,0.868421052631579,breast_cancer,random_forest,3,0.1,0.9,0.0,0.3,full,0.012280701754385892,label_noise
0.9473684210526315,0.9912280701754386,0.956140350877193,breast_cancer,random_forest,3,0.1,0.9,0.0,0.0,100,0.047368421052631504,sample_size
0.9649122807017544,0.9912280701754386,0.9736842105263158,breast_cancer,random_forest,3,0.1,0.9,0.0,0.0,500,0.06491228070175437,sample_size
0.9649122807017544,0.9912280701754386,0.9736842105263158,breast_cancer,random_forest,3,0.1,0.9,0.0,0.0,1000,0.06491228070175437,sample_size
0.9649122807017544,0.9912280701754386,0.9736842105263158,breast_cancer,random_forest,3,0.1,0.9,0.0,0.0,full,0.06491228070175437,sample_size
0.9473684210526315,0.956140350877193,0.956140350877193,breast_cancer,random_forest,4,0.1,0.9,0.0,0.0,full,0.047368421052631504,sample_size
0.9298245614035088,0.9298245614035088,0.956140350877193,breast_cancer,random_forest,4,0.1,0.9,0.1,0.0,full,0.029824561403508754,distribution_shift
0.9298245614035088,0.9298245614035088,0.956140350877193,breast_cancer,random_forest,4,0.1,0.9,0.2,0.0,full,0.029824561403508754,distribution_shift
0.8947368421052632,0.8947368421052632,0.956140350877193,breast_cancer,random_forest,4,0.1,0.9,0.5,0.0,full,-0.0052631578947368585,distribution_shift
0.7631578947368421,0.7631578947368421,0.9298245614035088,breast_cancer,random_forest,4,0.1,0.9,1.0,0.0,full,-0.13684210526315788,distribution_shift
0.9473684210526315,0.956140350877193,0.956140350877193,breast_cancer,random_forest,4,0.1,0.9,0.0,0.0,full,0.047368421052631504,sample_size
0.9473684210526315,0.956140350877193,0.9736842105263158,breast_cancer,random_forest,4,0.1,0.9,0.0,0.1,full,0.047368421052631504,label_noise
0.9385964912280702,0.9649122807017544,0.9649122807017544,breast_cancer,random_forest,4,0.1,0.9,0.0,0.2,full,0.038596491228070184,label_noise
0.9385964912280702,0.9736842105263158,0.9385964912280702,breast_cancer,random_forest,4,0.1,0.9,0.0,0.3,full,0.038596491228070184,label_noise
0.9298245614035088,0.9824561403508771,0.9298245614035088,breast_cancer,random_forest,4,0.1,0.9,0.0,0.0,100,0.029824561403508754,sample_size
0.9473684210526315,0.956140350877193,0.956140350877193,breast_cancer,random_forest,4,0.1,0.9,0.0,0.0,500,0.047368421052631504,sample_size
0.9473684210526315,0.956140350877193,0.956140350877193,breast_cancer,random_forest,4,0.1,0.9,0.0,0.0,1000,0.047368421052631504,sample_size
0.9473684210526315,0.956140350877193,0.956140350877193,breast_cancer,random_forest,4,0.1,0.9,0.0,0.0,full,0.047368421052631504,sample_size
0.9298245614035088,0.9824561403508771,0.9385964912280702,breast_cancer,gradient_boosting,0,0.1,0.9,0.0,0.0,full,0.029824561403508754,sample_size
0.9122807017543859,0.9649122807017544,0.9210526315789473,breast_cancer,gradient_boosting,0,0.1,0.9,0.1,0.0,full,0.012280701754385892,distribution_shift
0.9035087719298246,0.9824561403508771,0.9122807017543859,breast_cancer,gradient_boosting,0,0.1,0.9,0.2,0.0,full,0.0035087719298245723,distribution_shift
0.8421052631578947,0.9736842105263158,0.8596491228070176,breast_cancer,gradient_boosting,0,0.1,0.9,0.5,0.0,full,-0.05789473684210533,distribution_shift
0.7105263157894737,0.9210526315789473,0.7368421052631579,breast_cancer,gradient_boosting,0,0.1,0.9,1.0,0.0,full,-0.18947368421052635,distribution_shift
0.9298245614035088,0.9824561403508771,0.9385964912280702,breast_cancer,gradient_boosting,0,0.1,0.9,0.0,0.0,full,0.029824561403508754,sample_size
0.8596491228070176,0.9649122807017544,0.868421052631579,breast_cancer,gradient_boosting,0,0.1,0.9,0.0,0.1,full,-0.04035087719298247,label_noise
0.9210526315789473,1.0789473684210527,0.8947368421052632,breast_cancer,gradient_boosting,0,0.1,0.9,0.0,0.2,full,0.021052631578947323,label_noise
0.9473684210526315,1.1666666666666667,0.9035087719298246,breast_cancer,gradient_boosting,0,0.1,0.9,0.0,0.3,full,0.047368421052631504,label_noise
0.8947368421052632,0.9736842105263158,0.9210526315789473,breast_cancer,gradient_boosting,0,0.1,0.9,0.0,0.0,100,-0.0052631578947368585,sample_size
0.9298245614035088,0.9824561403508771,0.9385964912280702,breast_cancer,gradient_boosting,0,0.1,0.9,0.0,0.0,500,0.029824561403508754,sample_size
0.9298245614035088,0.9824561403508771,0.9385964912280702,breast_cancer,gradient_boosting,0,0.1,0.9,0.0,0.0,1000,0.029824561403508754,sample_size
0.9298245614035088,0.9824561403508771,0.9385964912280702,breast_cancer,gradient_boosting,0,0.1,0.9,0.0,0.0,full,0.029824561403508754,sample_size
0.9210526315789473,0.9298245614035088,0.956140350877193,breast_cancer,gradient_boosting,1,0.1,0.9,0.0,0.0,full,0.021052631578947323,sample_size
0.9298245614035088,0.9385964912280702,0.9649122807017544,breast_cancer,gradient_boosting,1,0.1,0.9,0.1,0.0,full,0.029824561403508754,distribution_shift
0.9122807017543859,0.9210526315789473,0.9736842105263158,breast_cancer,gradient_boosting,1,0.1,0.9,0.2,0.0,full,0.012280701754385892,distribution_shift
0.8333333333333334,0.8596491228070176,0.9473684210526315,breast_cancer,gradient_boosting,1,0.1,0.9,0.5,0.0,full,-0.06666666666666665,distribution_shift
0.5877192982456141,0.6491228070175439,0.868421052631579,breast_cancer,gradient_boosting,1,0.1,0.9,1.0,0.0,full,-0.31228070175438594,distribution_shift
0.9210526315789473,0.9298245614035088,0.956140350877193,breast_cancer,gradient_boosting,1,0.1,0.9,0.0,0.0,full,0.021052631578947323,sample_size
0.9298245614035088,1.0175438596491229,0.9122807017543859,breast_cancer,gradient_boosting,1,0.1,0.9,0.0,0.1,full,0.029824561403508754,label_noise
0.9122807017543859,1.0,0.9122807017543859,breast_cancer,gradient_boosting,1,0.1,0.9,0.0,0.2,full,0.012280701754385892,label_noise
0.9122807017543859,1.4736842105263157,0.7456140350877193,breast_cancer,gradient_boosting,1,0.1,0.9,0.0,0.3,full,0.012280701754385892,label_noise
0.9035087719298246,0.956140350877193,0.9210526315789473,breast_cancer,gradient_boosting,1,0.1,0.9,0.0,0.0,100,0.0035087719298245723,sample_size
0.9210526315789473,0.9298245614035088,0.956140350877193,breast_cancer,gradient_boosting,1,0.1,0.9,0.0,0.0,500,0.021052631578947323,sample_size
0.9210526315789473,0.9298245614035088,0.956140350877193,breast_cancer,gradient_boosting,1,0.1,0.9,0.0,0.0,1000,0.021052631578947323,sample_size
0.9210526315789473,0.9298245614035088,0.956140350877193,breast_cancer,gradient_boosting,1,0.1,0.9,0.0,0.0,full,0.021052631578947323,sample_size
0.9122807017543859,0.9210526315789473,0.9736842105263158,breast_cancer,gradient_boosting,2,0.1,0.9,0.0,0.0,full,0.012280701754385892,sample_size
0.9210526315789473,0.9385964912280702,0.9649122807017544,breast_cancer,gradient_boosting,2,0.1,0.9,0.1,0.0,full,0.021052631578947323,distribution_shift
0.9035087719298246,0.9210526315789473,0.9649122807017544,breast_cancer,gradient_boosting,2,0.1,0.9,0.2,0.0,full,0.0035087719298245723,distribution_shift
0.8070175438596491,0.8245614035087719,0.9473684210526315,breast_cancer,gradient_boosting,2,0.1,0.9,0.5,0.0,full,-0.09298245614035094,distribution_shift
0.6403508771929824,0.6754385964912281,0.8947368421052632,breast_cancer,gradient_boosting,2,0.1,0.9,1.0,0.0,full,-0.2596491228070176,distribution_shift
0.9122807017543859,0.9210526315789473,0.9736842105263158,breast_cancer,gradient_boosting,2,0.1,0.9,0.0,0.0,full,0.012280701754385892,sample_size
0.9298245614035088,0.9649122807017544,0.9473684210526315,breast_cancer,gradient_boosting,2,0.1,0.9,0.0,0.1,full,0.029824561403508754,label_noise
0.9385964912280702,1.0614035087719298,0.9298245614035088,breast_cancer,gradient_boosting,2,0.1,0.9,0.0,0.2,full,0.038596491228070184,label_noise
0.9824561403508771,1.456140350877193,0.7807017543859649,breast_cancer,gradient_boosting,2,0.1,0.9,0.0,0.3,full,0.08245614035087712,label_noise
0.9649122807017544,0.9736842105263158,0.9824561403508771,breast_cancer,gradient_boosting,2,0.1,0.9,0.0,0.0,100,0.06491228070175437,sample_size
0.9122807017543859,0.9210526315789473,0.9736842105263158,breast_cancer,gradient_boosting,2,0.1,0.9,0.0,0.0,500,0.012280701754385892,sample_size
0.9122807017543859,0.9210526315789473,0.9736842105263158,breast_cancer,gradient_boosting,2,0.1,0.9,0.0,0.0,1000,0.012280701754385892,sample_size
0.9122807017543859,0.9210526315789473,0.9736842105263158,breast_cancer,gradient_boosting,2,0.1,0.9,0.0,0.0,full,0.012280701754385892,sample_size
0.9385964912280702,0.9649122807017544,0.9649122807017544,breast_cancer,gradient_boosting,3,0.1,0.9,0.0,0.0,full,0.038596491228070184,sample_size
0.9210526315789473,0.9473684210526315,0.9473684210526315,breast_cancer,gradient_boosting,3,0.1,0.9,0.1,0.0,full,0.021052631578947323,distribution_shift
0.8859649122807017,0.9298245614035088,0.9385964912280702,breast_cancer,gradient_boosting,3,0.1,0.9,0.2,0.0,full,-0.01403508771929829,distribution_shift
0.7105263157894737,0.7807017543859649,0.7982456140350878,breast_cancer,gradient_boosting,3,0.1,0.9,0.5,0.0,full,-0.18947368421052635,distribution_shift
0.5614035087719298,0.7105263157894737,0.6929824561403509,breast_cancer,gradient_boosting,3,0.1,0.9,1.0,0.0,full,-0.33859649122807023,distribution_shift
0.9385964912280702,0.9649122807017544,0.9649122807017544,breast_cancer,gradient_boosting,3,0.1,0.9,0.0,0.0,full,0.038596491228070184,sample_size
0.9649122807017544,1.087719298245614,0.9473684210526315,breast_cancer,gradient_boosting,3,0.1,0.9,0.0,0.1,full,0.06491228070175437,label_noise
0.9736842105263158,1.2719298245614035,0.8421052631578947,breast_cancer,gradient_boosting,3,0.1,0.9,0.0,0.2,full,0.0736842105263158,label_noise
0.9210526315789473,1.2982456140350878,0.7894736842105263,breast_cancer,gradient_boosting,3,0.1,0.9,0.0,0.3,full,0.021052631578947323,label_noise
0.9122807017543859,1.0,0.9122807017543859,breast_cancer,gradient_boosting,3,0.1,0.9,0.0,0.0,100,0.012280701754385892,sample_size
0.9385964912280702,0.9649122807017544,0.9649122807017544,breast_cancer,gradient_boosting,3,0.1,0.9,0.0,0.0,500,0.038596491228070184,sample_size
0.9385964912280702,0.9649122807017544,0.9649122807017544,breast_cancer,gradient_boosting,3,0.1,0.9,0.0,0.0,1000,0.038596491228070184,sample_size
0.9385964912280702,0.9649122807017544,0.9649122807017544,breast_cancer,gradient_boosting,3,0.1,0.9,0.0,0.0,full,0.038596491228070184,sample_size
0.9122807017543859,0.9122807017543859,0.9649122807017544,breast_cancer,gradient_boosting,4,0.1,0.9,0.0,0.0,full,0.012280701754385892,sample_size
0.9210526315789473,0.9210526315789473,0.956140350877193,breast_cancer,gradient_boosting,4,0.1,0.9,0.1,0.0,full,0.021052631578947323,distribution_shift
0.9122807017543859,0.9122807017543859,0.9736842105263158,breast_cancer,gradient_boosting,4,0.1,0.9,0.2,0.0,full,0.012280701754385892,distribution_shift
0.8070175438596491,0.8070175438596491,0.956140350877193,breast_cancer,gradient_boosting,4,0.1,0.9,0.5,0.0,full,-0.09298245614035094,distribution_shift
0.49122807017543857,0.5175438596491229,0.8070175438596491,breast_cancer,gradient_boosting,4,0.1,0.9,1.0,0.0,full,-0.40877192982456145,distribution_shift
0.9122807017543859,0.9122807017543859,0.9649122807017544,breast_cancer,gradient_boosting,4,0.1,0.9,0.0,0.0,full,0.012280701754385892,sample_size
0.9385964912280702,0.9736842105263158,0.9473684210526315,breast_cancer,gradient_boosting,4,0.1,0.9,0.0,0.1,full,0.038596491228070184,label_noise
0.9122807017543859,0.9649122807017544,0.9210526315789473,breast_cancer,gradient_boosting,4,0.1,0.9,0.0,0.2,full,0.012280701754385892,label_noise
0.956140350877193,1.0964912280701755,0.9298245614035088,breast_cancer,gradient_boosting,4,0.1,0.9,0.0,0.3,full,0.056140350877192935,label_noise
0.9122807017543859,0.9824561403508771,0.9210526315789473,breast_cancer,gradient_boosting,4,0.1,0.9,0.0,0.0,100,0.012280701754385892,sample_size
0.9122807017543859,0.9122807017543859,0.9649122807017544,breast_cancer,gradient_boosting,4,0.1,0.9,0.0,0.0,500,0.012280701754385892,sample_size
0.9122807017543859,0.9122807017543859,0.9649122807017544,breast_cancer,gradient_boosting,4,0.1,0.9,0.0,0.0,1000,0.012280701754385892,sample_size
0.9122807017543859,0.9122807017543859,0.9649122807017544,breast_cancer,gradient_boosting,4,0.1,0.9,0.0,0.0,full,0.012280701754385892,sample_size
0.9444444444444444,0.9722222222222222,0.9444444444444444,wine_binary,logistic_regression,0,0.1,0.9,0.0,0.0,full,0.0444444444444444,sample_size
0.9444444444444444,0.9722222222222222,0.9444444444444444,wine_binary,logistic_regression,0,0.1,0.9,0.1,0.0,full,0.0444444444444444,distribution_shift
0.9444444444444444,0.9722222222222222,0.9444444444444444,wine_binary,logistic_regression,0,0.1,0.9,0.2,0.0,full,0.0444444444444444,distribution_shift
0.9166666666666666,0.9444444444444444,0.9444444444444444,wine_binary,logistic_regression,0,0.1,0.9,0.5,0.0,full,0.016666666666666607,distribution_shift
0.9166666666666666,0.9722222222222222,0.9444444444444444,wine_binary,logistic_regression,0,0.1,0.9,1.0,0.0,full,0.016666666666666607,distribution_shift
0.9444444444444444,0.9722222222222222,0.9444444444444444,wine_binary,logistic_regression,0,0.1,0.9,0.0,0.0,full,0.0444444444444444,sample_size
0.8333333333333334,0.8888888888888888,0.8888888888888888,wine_binary,logistic_regression,0,0.1,0.9,0.0,0.1,full,-0.06666666666666665,label_noise
0.7777777777777778,0.8611111111111112,0.9166666666666666,wine_binary,logistic_regression,0,0.1,0.9,0.0,0.2,full,-0.12222222222222223,label_noise
0.8611111111111112,1.0,0.8611111111111112,wine_binary,logistic_regression,0,0.1,0.9,0.0,0.3,full,-0.03888888888888886,label_noise
0.9444444444444444,0.9722222222222222,0.9444444444444444,wine_binary,logistic_regression,0,0.1,0.9,0.0,0.0,100,0.0444444444444444,sample_size
0.9444444444444444,0.9722222222222222,0.9444444444444444,wine_binary,logistic_regression,0,0.1,0.9,0.0,0.0,500,0.0444444444444444,sample_size
0.9444444444444444,0.9722222222222222,0.9444444444444444,wine_binary,logistic_regression,0,0.1,0.9,0.0,0.0,1000,0.0444444444444444,sample_size
0.9444444444444444,0.9722222222222222,0.9444444444444444,wine_binary,logistic_regression,0,0.1,0.9,0.0,0.0,full,0.0444444444444444,sample_size
0.9722222222222222,0.9722222222222222,1.0,wine_binary,logistic_regression,1,0.1,0.9,0.0,0.0,full,0.07222222222222219,sample_size
0.9444444444444444,0.9444444444444444,1.0,wine_binary,logistic_regression,1,0.1,0.9,0.1,0.0,full,0.0444444444444444,distribution_shift
0.9166666666666666,0.9166666666666666,1.0,wine_binary,logistic_regression,1,0.1,0.9,0.2,0.0,full,0.016666666666666607,distribution_shift
0.8888888888888888,0.8888888888888888,0.9444444444444444,wine_binary,logistic_regression,1,0.1,0.9,0.5,0.0,full,-0.011111111111111183,distribution_shift
0.8611111111111112,0.9166666666666666,0.9166666666666666,wine_binary,logistic_regression,1,0.1,0.9,1.0,0.0,full,-0.03888888888888886,distribution_shift
0.9722222222222222,0.9722222222222222,1.0,wine_binary,logistic_regression,1,0.1,0.9,0.0,0.0,full,0.07222222222222219,sample_size
0.9722222222222222,1.0,0.9722222222222222,wine_binary,logistic_regression,1,0.1,0.9,0.0,0.1,full,0.07222222222222219,label_noise
0.9444444444444444,0.9722222222222222,0.9722222222222222,wine_binary,logistic_regression,1,0.1,0.9,0.0,0.2,full,0.0444444444444444,label_noise
0.8888888888888888,1.0833333333333333,0.8333333333333334,wine_binary,logistic_regression,1,0.1,0.9,0.0,0.3,full,-0.011111111111111183,label_noise
0.9722222222222222,0.9722222222222222,1.0,wine_binary,logistic_regression,1,0.1,0.9,0.0,0.0,100,0.07222222222222219,sample_size
0.9722222222222222,0.9722222222222222,1.0,wine_binary,logistic_regression,1,0.1,0.9,0.0,0.0,500,0.07222222222222219,sample_size
0.9722222222222222,0.9722222222222222,1.0,wine_binary,logistic_regression,1,0.1,0.9,0.0,0.0,1000,0.07222222222222219,sample_size
0.9722222222222222,0.9722222222222222,1.0,wine_binary,logistic_regression,1,0.1,0.9,0.0,0.0,full,0.07222222222222219,sample_size
1.0,1.1666666666666667,0.9444444444444444,wine_binary,logistic_regression,2,0.1,0.9,0.0,0.0,full,0.09999999999999998,sample_size
1.0,1.1388888888888888,0.9444444444444444,wine_binary,logistic_regression,2,0.1,0.9,0.1,0.0,full,0.09999999999999998,distribution_shift
1.0,1.1944444444444444,0.9444444444444444,wine_binary,logistic_regression,2,0.1,0.9,0.2,0.0,full,0.09999999999999998,distribution_shift
1.0,1.1944444444444444,0.9444444444444444,wine_binary,logistic_regression,2,0.1,0.9,0.5,0.0,full,0.09999999999999998,distribution_shift
1.0,1.25,0.9444444444444444,wine_binary,logistic_regression,2,0.1,0.9,1.0,0.0,full,0.09999999999999998,distribution_shift
1.0,1.1666666666666667,0.9444444444444444,wine_binary,logistic_regression,2,0.1,0.9,0.0,0.0,full,0.09999999999999998,sample_size
0.9722222222222222,1.1388888888888888,0.9166666666666666,wine_binary,logistic_regression,2,0.1,0.9,0.0,0.1,full,0.07222222222222219,label_noise
1.0,1.2222222222222223,0.9722222222222222,wine_binary,logistic_regression,2,0.1,0.9,0.0,0.2,full,0.09999999999999998,label_noise
0.9722222222222222,1.3888888888888888,0.8055555555555556,wine_binary,logistic_regression,2,0.1,0.9,0.0,0.3,full,0.07222222222222219,label_noise
1.0,1.1666666666666667,0.9444444444444444,wine_binary,logistic_regression,2,0.1,0.9,0.0,0.0,100,0.09999999999999998,sample_size
1.0,1.1666666666666667,0.9444444444444444,wine_binary,logistic_regression,2,0.1,0.9,0.0,0.0,500,0.09999999999999998,sample_size
1.0,1.1666666666666667,0.9444444444444444,wine_binary,logistic_regression,2,0.1,0.9,0.0,0.0,1000,0.09999999999999998,sample_size
1.0,1.1666666666666667,0.9444444444444444,wine_binary,logistic_regression,2,0.1,0.9,0.0,0.0,full,0.09999999999999998,sample_size
0.8888888888888888,0.8888888888888888,0.9722222222222222,wine_binary,logistic_regression,3,0.1,0.9,0.0,0.0,full,-0.011111111111111183,sample_size
0.8611111111111112,0.8611111111111112,0.9166666666666666,wine_binary,logistic_regression,3,0.1,0.9,0.1,0.0,full,-0.03888888888888886,distribution_shift
0.8611111111111112,0.8611111111111112,0.9166666666666666,wine_binary,logistic_regression,3,0.1,0.9,0.2,0.0,full,-0.03888888888888886,distribution_shift
0.8055555555555556,0.8611111111111112,0.8611111111111112,wine_binary,logistic_regression,3,0.1,0.9,0.5,0.0,full,-0.09444444444444444,distribution_shift
0.7222222222222222,0.9166666666666666,0.7777777777777778,wine_binary,logistic_regression,3,0.1,0.9,1.0,0.0,full,-0.1777777777777778,distribution_shift
0.8888888888888888,0.8888888888888888,0.9722222222222222,wine_binary,logistic_regression,3,0.1,0.9,0.0,0.0,full,-0.011111111111111183,sample_size
0.9444444444444444,1.0555555555555556,0.9166666666666666,wine_binary,logistic_regression,3,0.1,0.9,0.0,0.1,full,0.0444444444444444,label_noise
0.8611111111111112,0.9166666666666666,0.8611111111111112,wine_binary,logistic_regression,3,0.1,0.9,0.0,0.2,full,-0.03888888888888886,label_noise
0.9444444444444444,1.2777777777777777,0.8611111111111112,wine_binary,logistic_regression,3,0.1,0.9,0.0,0.3,full,0.0444444444444444,label_noise
0.8888888888888888,0.8888888888888888,0.9444444444444444,wine_binary,logistic_regression,3,0.1,0.9,0.0,0.0,100,-0.011111111111111183,sample_size
0.8888888888888888,0.8888888888888888,0.9722222222222222,wine_binary,logistic_regression,3,0.1,0.9,0.0,0.0,500,-0.011111111111111183,sample_size
0.8888888888888888,0.8888888888888888,0.9722222222222222,wine_binary,logistic_regression,3,0.1,0.9,0.0,0.0,1000,-0.011111111111111183,sample_size
0.8888888888888888,0.8888888888888888,0.9722222222222222,wine_binary,logistic_regression,3,0.1,0.9,0.0,0.0,full,-0.011111111111111183,sample_size
0.9722222222222222,0.9722222222222222,1.0,wine_binary,logistic_regression,4,0.1,0.9,0.0,0.0,full,0.07222222222222219,sample_size
0.9722222222222222,0.9722222222222222,1.0,wine_binary,logistic_regression,4,0.1,0.9,0.1,0.0,full,0.07222222222222219,distribution_shift
0.9722222222222222,0.9722222222222222,1.0,wine_binary,logistic_regression,4,0.1,0.9,0.2,0.0,full,0.07222222222222219,distribution_shift
0.8611111111111112,0.8611111111111112,1.0,wine_binary,logistic_regression,4,0.1,0.9,0.5,0.0,full,-0.03888888888888886,distribution_shift
0.7777777777777778,0.8611111111111112,0.8888888888888888,wine_binary,logistic_regression,4,0.1,0.9,1.0,0.0,full,-0.12222222222222223,distribution_shift
0.9722222222222222,0.9722222222222222,1.0,wine_binary,logistic_regression,4,0.1,0.9,0.0,0.0,full,0.07222222222222219,sample_size
1.0,1.0,1.0,wine_binary,logistic_regression,4,0.1,0.9,0.0,0.1,full,0.09999999999999998,label_noise
0.9444444444444444,1.0277777777777777,0.9166666666666666,wine_binary,logistic_regression,4,0.1,0.9,0.0,0.2,full,0.0444444444444444,label_noise
0.9722222222222222,1.1388888888888888,0.9444444444444444,wine_binary,logistic_regression,4,0.1,0.9,0.0,0.3,full,0.07222222222222219,label_noise
0.9722222222222222,0.9722222222222222,1.0,wine_binary,logistic_regression,4,0.1,0.9,0.0,0.0,100,0.07222222222222219,sample_size
0.9722222222222222,0.9722222222222222,1.0,wine_binary,logistic_regression,4,0.1,0.9,0.0,0.0,500,0.07222222222222219,sample_size
0.9722222222222222,0.9722222222222222,1.0,wine_binary,logistic_regression,4,0.1,0.9,0.0,0.0,1000,0.07222222222222219,sample_size
0.9722222222222222,0.9722222222222222,1.0,wine_binary,logistic_regression,4,0.1,0.9,0.0,0.0,full,0.07222222222222219,sample_size
0.9166666666666666,0.9444444444444444,0.9444444444444444,wine_binary,random_forest,0,0.1,0.9,0.0,0.0,full,0.016666666666666607,sample_size
0.9166666666666666,0.9444444444444444,0.9444444444444444,wine_binary,random_forest,0,0.1,0.9,0.1,0.0,full,0.016666666666666607,distribution_shift
0.9166666666666666,0.9722222222222222,0.9444444444444444,wine_binary,random_forest,0,0.1,0.9,0.2,0.0,full,0.016666666666666607,distribution_shift
0.8888888888888888,0.9444444444444444,0.9444444444444444,wine_binary,random_forest,0,0.1,0.9,0.5,0.0,full,-0.011111111111111183,distribution_shift
0.75,0.8333333333333334,0.8611111111111112,wine_binary,random_forest,0,0.1,0.9,1.0,0.0,full,-0.15000000000000002,distribution_shift
0.9166666666666666,0.9444444444444444,0.9444444444444444,wine_binary,random_forest,0,0.1,0.9,0.0,0.0,full,0.016666666666666607,sample_size
0.9166666666666666,0.9444444444444444,0.9166666666666666,wine_binary,random_forest,0,0.1,0.9,0.0,0.1,full,0.016666666666666607,label_noise
0.9166666666666666,1.0,0.9166666666666666,wine_binary,random_forest,0,0.1,0.9,0.0,0.2,full,0.016666666666666607,label_noise
0.8888888888888888,0.9444444444444444,0.9166666666666666,wine_binary,random_forest,0,0.1,0.9,0.0,0.3,full,-0.011111111111111183,label_noise
0.9166666666666666,0.9444444444444444,0.9166666666666666,wine_binary,random_forest,0,0.1,0.9,0.0,0.0,100,0.016666666666666607,sample_size
0.9166666666666666,0.9444444444444444,0.9444444444444444,wine_binary,random_forest,0,0.1,0.9,0.0,0.0,500,0.016666666666666607,sample_size
0.9166666666666666,0.9444444444444444,0.9444444444444444,wine_binary,random_forest,0,0.1,0.9,0.0,0.0,1000,0.016666666666666607,sample_size
0.9166666666666666,0.9444444444444444,0.9444444444444444,wine_binary,random_forest,0,0.1,0.9,0.0,0.0,full,0.016666666666666607,sample_size
0.8333333333333334,0.8333333333333334,0.9722222222222222,wine_binary,random_forest,1,0.1,0.9,0.0,0.0,full,-0.06666666666666665,sample_size
0.8055555555555556,0.8055555555555556,0.9722222222222222,wine_binary,random_forest,1,0.1,0.9,0.1,0.0,full,-0.09444444444444444,distribution_shift
0.7777777777777778,0.7777777777777778,0.9722222222222222,wine_binary,random_forest,1,0.1,0.9,0.2,0.0,full,-0.12222222222222223,distribution_shift
0.7222222222222222,0.7222222222222222,0.9166666666666666,wine_binary,random_forest,1,0.1,0.9,0.5,0.0,full,-0.1777777777777778,distribution_shift
0.6111111111111112,0.6111111111111112,0.8333333333333334,wine_binary,random_forest,1,0.1,0.9,1.0,0.0,full,-0.28888888888888886,distribution_shift
0.8333333333333334,0.8333333333333334,0.9722222222222222,wine_binary,random_forest,1,0.1,0.9,0.0,0.0,full,-0.06666666666666665,sample_size
0.9722222222222222,1.0,0.9722222222222222,wine_binary,random_forest,1,0.1,0.9,0.0,0.1,full,0.07222222222222219,label_noise
0.9166666666666666,0.9166666666666666,0.9166666666666666,wine_binary,random_forest,1,0.1,0.9,0.0,0.2,full,0.016666666666666607,label_noise
0.8888888888888888,0.9166666666666666,0.8888888888888888,wine_binary,random_forest,1,0.1,0.9,0.0,0.3,full,-0.011111111111111183,label_noise
0.8888888888888888,0.8888888888888888,0.9722222222222222,wine_binary,random_forest,1,0.1,0.9,0.0,0.0,100,-0.011111111111111183,sample_size
0.8333333333333334,0.8333333333333334,0.9722222222222222,wine_binary,random_forest,1,0.1,0.9,0.0,0.0,500,-0.06666666666666665,sample_size
0.8333333333333334,0.8333333333333334,0.9722222222222222,wine_binary,random_forest,1,0.1,0.9,0.0,0.0,1000,-0.06666666666666665,sample_size
0.8333333333333334,0.8333333333333334,0.9722222222222222,wine_binary,random_forest,1,0.1,0.9,0.0,0.0,full,-0.06666666666666665,sample_size
0.9722222222222222,1.0,0.9722222222222222,wine_binary,random_forest,2,0.1,0.9,0.0,0.0,full,0.07222222222222219,sample_size
0.9722222222222222,1.0,0.9722222222222222,wine_binary,random_forest,2,0.1,0.9,0.1,0.0,full,0.07222222222222219,distribution_shift
0.9722222222222222,1.0,0.9722222222222222,wine_binary,random_forest,2,0.1,0.9,0.2,0.0,full,0.07222222222222219,distribution_shift
0.9722222222222222,1.0,0.9722222222222222,wine_binary,random_forest,2,0.1,0.9,0.5,0.0,full,0.07222222222222219,distribution_shift
0.9166666666666666,0.9722222222222222,0.9444444444444444,wine_binary,random_forest,2,0.1,0.9,1.0,0.0,full,0.016666666666666607,distribution_shift
0.9722222222222222,1.0,0.9722222222222222,wine_binary,random_forest,2,0.1,0.9,0.0,0.0,full,0.07222222222222219,sample_size
1.0,1.0555555555555556,0.9722222222222222,wine_binary,random_forest,2,0.1,0.9,0.0,0.1,full,0.09999999999999998,label_noise
1.0,1.1944444444444444,0.9722222222222222,wine_binary,random_forest,2,0.1,0.9,0.0,0.2,full,0.09999999999999998,label_noise
1.0,1.5,0.8333333333333334,wine_binary,random_forest,2,0.1,0.9,0.0,0.3,full,0.09999999999999998,label_noise
0.9722222222222222,1.0,0.9722222222222222,wine_binary,random_forest,2,0.1,0.9,0.0,0.0,100,0.07222222222222219,sample_size
0.9722222222222222,1.0,0.9722222222222222,wine_binary,random_forest,2,0.1,0.9,0.0,0.0,500,0.07222222222222219,sample_size
0.9722222222222222,1.0,0.9722222222222222,wine_binary,random_forest,2,0.1,0.9,0.0,0.0,1000,0.07222222222222219,sample_size
0.9722222222222222,1.0,0.9722222222222222,wine_binary,random_forest,2,0.1,0.9,0.0,0.0,full,0.07222222222222219,sample_size
0.8611111111111112,0.8611111111111112,0.9444444444444444,wine_binary,random_forest,3,0.1,0.9,0.0,0.0,full,-0.03888888888888886,sample_size
0.8611111111111112,0.8611111111111112,0.9444444444444444,wine_binary,random_forest,3,0.1,0.9,0.1,0.0,full,-0.03888888888888886,distribution_shift
0.8333333333333334,0.8333333333333334,0.9444444444444444,wine_binary,random_forest,3,0.1,0.9,0.2,0.0,full,-0.06666666666666665,distribution_shift
0.8333333333333334,0.8611111111111112,0.8888888888888888,wine_binary,random_forest,3,0.1,0.9,0.5,0.0,full,-0.06666666666666665,distribution_shift
0.6388888888888888,0.7222222222222222,0.8611111111111112,wine_binary,random_forest,3,0.1,0.9,1.0,0.0,full,-0.2611111111111112,distribution_shift
0.8611111111111112,0.8611111111111112,0.9444444444444444,wine_binary,random_forest,3,0.1,0.9,0.0,0.0,full,-0.03888888888888886,sample_size
0.9166666666666666,0.9166666666666666,0.9444444444444444,wine_binary,random_forest,3,0.1,0.9,0.0,0.1,full,0.016666666666666607,label_noise
0.8333333333333334,0.8333333333333334,0.8888888888888888,wine_binary,random_forest,3,0.1,0.9,0.0,0.2,full,-0.06666666666666665,label_noise
0.8055555555555556,1.0833333333333333,0.8055555555555556,wine_binary,random_forest,3,0.1,0.9,0.0,0.3,full,-0.09444444444444444,label_noise
0.8888888888888888,0.8888888888888888,0.9722222222222222,wine_binary,random_forest,3,0.1,0.9,0.0,0.0,100,-0.011111111111111183,sample_size
0.8611111111111112,0.8611111111111112,0.9444444444444444,wine_binary,random_forest,3,0.1,0.9,0.0,0.0,500,-0.03888888888888886,sample_size
0.8611111111111112,0.8611111111111112,0.9444444444444444,wine_binary,random_forest,3,0.1,0.9,0.0,0.0,1000,-0.03888888888888886,sample_size
0.8611111111111112,0.8611111111111112,0.9444444444444444,wine_binary,random_forest,3,0.1,0.9,0.0,0.0,full,-0.03888888888888886,sample_size
0.9722222222222222,0.9722222222222222,1.0,wine_binary,random_forest,4,0.1,0.9,0.0,0.0,full,0.07222222222222219,sample_size
0.9722222222222222,0.9722222222222222,1.0,wine_binary,random_forest,4,0.1,0.9,0.1,0.0,full,0.07222222222222219,distribution_shift
0.9722222222222222,0.9722222222222222,1.0,wine_binary,random_forest,4,0.1,0.9,0.2,0.0,full,0.07222222222222219,distribution_shift
0.8888888888888888,0.8888888888888888,1.0,wine_binary,random_forest,4,0.1,0.9,0.5,0.0,full,-0.011111111111111183,distribution_shift
0.7222222222222222,0.7222222222222222,0.8333333333333334,wine_binary,random_forest,4,0.1,0.9,1.0,0.0,full,-0.1777777777777778,distribution_shift
0.9722222222222222,0.9722222222222222,1.0,wine_binary,random_forest,4,0.1,0.9,0.0,0.0,full,0.07222222222222219,sample_size
0.9722222222222222,0.9722222222222222,1.0,wine_binary,random_forest,4,0.1,0.9,0.0,0.1,full,0.07222222222222219,label_noise
0.9722222222222222,0.9722222222222222,0.9722222222222222,wine_binary,random_forest,4,0.1,0.9,0.0,0.2,full,0.07222222222222219,label_noise
0.9166666666666666,0.9166666666666666,1.0,wine_binary,random_forest,4,0.1,0.9,0.0,0.3,full,0.016666666666666607,label_noise
0.9444444444444444,0.9444444444444444,1.0,wine_binary,random_forest,4,0.1,0.9,0.0,0.0,100,0.0444444444444444,sample_size
0.9722222222222222,0.9722222222222222,1.0,wine_binary,random_forest,4,0.1,0.9,0.0,0.0,500,0.07222222222222219,sample_size
0.9722222222222222,0.9722222222222222,1.0,wine_binary,random_forest,4,0.1,0.9,0.0,0.0,1000,0.07222222222222219,sample_size
0.9722222222222222,0.9722222222222222,1.0,wine_binary,random_forest,4,0.1,0.9,0.0,0.0,full,0.07222222222222219,sample_size
0.8888888888888888,0.9444444444444444,0.9444444444444444,wine_binary,gradient_boosting,0,0.1,0.9,0.0,0.0,full,-0.011111111111111183,sample_size
0.8611111111111112,0.9166666666666666,0.9166666666666666,wine_binary,gradient_boosting,0,0.1,0.9,0.1,0.0,full,-0.03888888888888886,distribution_shift
0.8611111111111112,0.9444444444444444,0.8888888888888888,wine_binary,gradient_boosting,0,0.1,0.9,0.2,0.0,full,-0.03888888888888886,distribution_shift
0.75,0.8333333333333334,0.8888888888888888,wine_binary,gradient_boosting,0,0.1,0.9,0.5,0.0,full,-0.15000000000000002,distribution_shift
0.6388888888888888,0.75,0.8055555555555556,wine_binary,gradient_boosting,0,0.1,0.9,1.0,0.0,full,-0.2611111111111112,distribution_shift
0.8888888888888888,0.9444444444444444,0.9444444444444444,wine_binary,gradient_boosting,0,0.1,0.9,0.0,0.0,full,-0.011111111111111183,sample_size
0.8888888888888888,0.9444444444444444,0.9444444444444444,wine_binary,gradient_boosting,0,0.1,0.9,0.0,0.1,full,-0.011111111111111183,label_noise
0.8055555555555556,0.9166666666666666,0.8055555555555556,wine_binary,gradient_boosting,0,0.1,0.9,0.0,0.2,full,-0.09444444444444444,label_noise
0.8611111111111112,1.1666666666666667,0.7777777777777778,wine_binary,gradient_boosting,0,0.1,0.9,0.0,0.3,full,-0.03888888888888886,label_noise
0.9166666666666666,1.0,0.9166666666666666,wine_binary,gradient_boosting,0,0.1,0.9,0.0,0.0,100,0.016666666666666607,sample_size
0.8888888888888888,0.9444444444444444,0.9444444444444444,wine_binary,gradient_boosting,0,0.1,0.9,0.0,0.0,500,-0.011111111111111183,sample_size
0.8888888888888888,0.9444444444444444,0.9444444444444444,wine_binary,gradient_boosting,0,0.1,0.9,0.0,0.0,1000,-0.011111111111111183,sample_size
0.8888888888888888,0.9444444444444444,0.9444444444444444,wine_binary,gradient_boosting,0,0.1,0.9,0.0,0.0,full,-0.011111111111111183,sample_size
0.9166666666666666,0.9722222222222222,0.9444444444444444,wine_binary,gradient_boosting,1,0.1,0.9,0.0,0.0,full,0.016666666666666607,sample_size
0.9166666666666666,0.9722222222222222,0.9444444444444444,wine_binary,gradient_boosting,1,0.1,0.9,0.1,0.0,full,0.016666666666666607,distribution_shift
0.9444444444444444,1.0,0.9444444444444444,wine_binary,gradient_boosting,1,0.1,0.9,0.2,0.0,full,0.0444444444444444,distribution_shift
0.8888888888888888,0.9722222222222222,0.8888888888888888,wine_binary,gradient_boosting,1,0.1,0.9,0.5,0.0,full,-0.011111111111111183,distribution_shift
0.7777777777777778,0.9444444444444444,0.7777777777777778,wine_binary,gradient_boosting,1,0.1,0.9,1.0,0.0,full,-0.12222222222222223,distribution_shift
0.9166666666666666,0.9722222222222222,0.9444444444444444,wine_binary,gradient_boosting,1,0.1,0.9,0.0,0.0,full,0.016666666666666607,sample_size
0.9444444444444444,1.0277777777777777,0.9444444444444444,wine_binary,gradient_boosting,1,0.1,0.9,0.0,0.1,full,0.0444444444444444,label_noise
0.9444444444444444,1.1388888888888888,0.9166666666666666,wine_binary,gradient_boosting,1,0.1,0.9,0.0,0.2,full,0.0444444444444444,label_noise
0.9722222222222222,1.3888888888888888,0.8333333333333334,wine_binary,gradient_boosting,1,0.1,0.9,0.0,0.3,full,0.07222222222222219,label_noise
0.9444444444444444,1.0277777777777777,0.9444444444444444,wine_binary,gradient_boosting,1,0.1,0.9,0.0,0.0,100,0.0444444444444444,sample_size
0.9166666666666666,0.9722222222222222,0.9444444444444444,wine_binary,gradient_boosting,1,0.1,0.9,0.0,0.0,500,0.016666666666666607,sample_size
0.9166666666666666,0.9722222222222222,0.9444444444444444,wine_binary,gradient_boosting,1,0.1,0.9,0.0,0.0,1000,0.016666666666666607,sample_size
0.9166666666666666,0.9722222222222222,0.9444444444444444,wine_binary,gradient_boosting,1,0.1,0.9,0.0,0.0,full,0.016666666666666607,sample_size
0.9722222222222222,1.3888888888888888,0.9444444444444444,wine_binary,gradient_boosting,2,0.1,0.9,0.0,0.0,full,0.07222222222222219,sample_size
0.9722222222222222,1.3611111111111112,0.9444444444444444,wine_binary,gradient_boosting,2,0.1,0.9,0.1,0.0,full,0.07222222222222219,distribution_shift
0.9722222222222222,1.3611111111111112,0.9444444444444444,wine_binary,gradient_boosting,2,0.1,0.9,0.2,0.0,full,0.07222222222222219,distribution_shift
0.9722222222222222,1.3611111111111112,0.9444444444444444,wine_binary,gradient_boosting,2,0.1,0.9,0.5,0.0,full,0.07222222222222219,distribution_shift
0.9722222222222222,1.4722222222222223,0.8333333333333334,wine_binary,gradient_boosting,2,0.1,0.9,1.0,0.0,full,0.07222222222222219,distribution_shift
0.9722222222222222,1.3888888888888888,0.9444444444444444,wine_binary,gradient_boosting,2,0.1,0.9,0.0,0.0,full,0.07222222222222219,sample_size
1.0,1.1666666666666667,0.9444444444444444,wine_binary,gradient_boosting,2,0.1,0.9,0.0,0.1,full,0.09999999999999998,label_noise
1.0,1.8611111111111112,0.8888888888888888,wine_binary,gradient_boosting,2,0.1,0.9,0.0,0.2,full,0.09999999999999998,label_noise
0.9722222222222222,1.6944444444444444,0.75,wine_binary,gradient_boosting,2,0.1,0.9,0.0,0.3,full,0.07222222222222219,label_noise
0.9722222222222222,1.3888888888888888,0.9444444444444444,wine_binary,gradient_boosting,2,0.1,0.9,0.0,0.0,100,0.07222222222222219,sample_size
0.9722222222222222,1.3888888888888888,0.9444444444444444,wine_binary,gradient_boosting,2,0.1,0.9,0.0,0.0,500,0.07222222222222219,sample_size
0.9722222222222222,1.3888888888888888,0.9444444444444444,wine_binary,gradient_boosting,2,0.1,0.9,0.0,0.0,1000,0.07222222222222219,sample_size
0.9722222222222222,1.3888888888888888,0.9444444444444444,wine_binary,gradient_boosting,2,0.1,0.9,0.0,0.0,full,0.07222222222222219,sample_size
0.8888888888888888,0.9722222222222222,0.9166666666666666,wine_binary,gradient_boosting,3,0.1,0.9,0.0,0.0,full,-0.011111111111111183,sample_size
0.8888888888888888,0.9722222222222222,0.9166666666666666,wine_binary,gradient_boosting,3,0.1,0.9,0.1,0.0,full,-0.011111111111111183,distribution_shift
0.8888888888888888,0.9722222222222222,0.9166666666666666,wine_binary,gradient_boosting,3,0.1,0.9,0.2,0.0,full,-0.011111111111111183,distribution_shift
0.8055555555555556,0.9444444444444444,0.8333333333333334,wine_binary,gradient_boosting,3,0.1,0.9,0.5,0.0,full,-0.09444444444444444,distribution_shift
0.6388888888888888,0.8333333333333334,0.7777777777777778,wine_binary,gradient_boosting,3,0.1,0.9,1.0,0.0,full,-0.2611111111111112,distribution_shift
0.8888888888888888,0.9722222222222222,0.9166666666666666,wine_binary,gradient_boosting,3,0.1,0.9,0.0,0.0,full,-0.011111111111111183,sample_size
0.9166666666666666,1.0,0.9166666666666666,wine_binary,gradient_boosting,3,0.1,0.9,0.0,0.1,full,0.016666666666666607,label_noise
1.0,1.25,0.8611111111111112,wine_binary,gradient_boosting,3,0.1,0.9,0.0,0.2,full,0.09999999999999998,label_noise
0.8888888888888888,1.3333333333333333,0.6666666666666666,wine_binary,gradient_boosting,3,0.1,0.9,0.0,0.3,full,-0.011111111111111183,label_noise
0.8888888888888888,1.0,0.8888888888888888,wine_binary,gradient_boosting,3,0.1,0.9,0.0,0.0,100,-0.011111111111111183,sample_size
0.8888888888888888,0.9722222222222222,0.9166666666666666,wine_binary,gradient_boosting,3,0.1,0.9,0.0,0.0,500,-0.011111111111111183,sample_size
0.8888888888888888,0.9722222222222222,0.9166666666666666,wine_binary,gradient_boosting,3,0.1,0.9,0.0,0.0,1000,-0.011111111111111183,sample_size
0.8888888888888888,0.9722222222222222,0.9166666666666666,wine_binary,gradient_boosting,3,0.1,0.9,0.0,0.0,full,-0.011111111111111183,sample_size
0.9722222222222222,0.9722222222222222,1.0,wine_binary,gradient_boosting,4,0.1,0.9,0.0,0.0,full,0.07222222222222219,sample_size
0.9722222222222222,0.9722222222222222,1.0,wine_binary,gradient_boosting,4,0.1,0.9,0.1,0.0,full,0.07222222222222219,distribution_shift
1.0,1.0,1.0,wine_binary,gradient_boosting,4,0.1,0.9,0.2,0.0,full,0.09999999999999998,distribution_shift
0.8333333333333334,0.9722222222222222,0.8333333333333334,wine_binary,gradient_boosting,4,0.1,0.9,0.5,0.0,full,-0.06666666666666665,distribution_shift
0.7777777777777778,0.9722222222222222,0.7777777777777778,wine_binary,gradient_boosting,4,0.1,0.9,1.0,0.0,full,-0.12222222222222223,distribution_shift
0.9722222222222222,0.9722222222222222,1.0,wine_binary,gradient_boosting,4,0.1,0.9,0.0,0.0,full,0.07222222222222219,sample_size
0.9722222222222222,1.0,0.9722222222222222,wine_binary,gradient_boosting,4,0.1,0.9,0.0,0.1,full,0.07222222222222219,label_noise
0.9444444444444444,1.0,0.9444444444444444,wine_binary,gradient_boosting,4,0.1,0.9,0.0,0.2,full,0.0444444444444444,label_noise
1.0,1.0833333333333333,0.9722222222222222,wine_binary,gradient_boosting,4,0.1,0.9,0.0,0.3,full,0.09999999999999998,label_noise
0.9722222222222222,0.9722222222222222,1.0,wine_binary,gradient_boosting,4,0.1,0.9,0.0,0.0,100,0.07222222222222219,sample_size
0.9722222222222222,0.9722222222222222,1.0,wine_binary,gradient_boosting,4,0.1,0.9,0.0,0.0,500,0.07222222222222219,sample_size
0.9722222222222222,0.9722222222222222,1.0,wine_binary,gradient_boosting,4,0.1,0.9,0.0,0.0,1000,0.07222222222222219,sample_size
0.9722222222222222,0.9722222222222222,1.0,wine_binary,gradient_boosting,4,0.1,0.9,0.0,0.0,full,0.07222222222222219,sample_size
0.9056198177909714,1.1190500563005426,0.8519807554509161,adult_income,logistic_regression,0,0.1,0.9,0.0,0.0,full,0.005619817790971426,sample_size
0.8959975432490531,1.1227351827208516,0.8436892210052206,adult_income,logistic_regression,0,0.1,0.9,0.1,0.0,full,-0.004002456750946903,distribution_shift
0.8756269833145665,1.1187429624321834,0.8221926502200839,adult_income,logistic_regression,0,0.1,0.9,0.2,0.0,full,-0.02437301668543357,distribution_shift
0.7813491657283242,1.0885453987102058,0.7403009519909919,adult_income,logistic_regression,0,0.1,0.9,0.5,0.0,full,-0.11865083427167578,distribution_shift
0.679496366055891,1.0603951274439554,0.6505271778073498,adult_income,logistic_regression,0,0.1,0.9,1.0,0.0,full,-0.220503633944109,distribution_shift
0.9056198177909714,1.1190500563005426,0.8519807554509161,adult_income,logistic_regression,0,0.1,0.9,0.0,0.0,full,0.005619817790971426,sample_size
0.9068481932644078,1.1316409049032654,0.8487050875217524,adult_income,logistic_regression,0,0.1,0.9,0.0,0.1,full,0.006848193264407776,label_noise
0.9036748899580305,1.1405466270856792,0.8429726686457161,adult_income,logistic_regression,0,0.1,0.9,0.0,0.2,full,0.0036748899580304473,label_noise
0.9046985361858941,1.158460436073293,0.8387757191114751,adult_income,logistic_regression,0,0.1,0.9,0.0,0.3,full,0.004698536185894109,label_noise
0.9024465144845941,1.200737025284062,0.8086805200122837,adult_income,logistic_regression,0,0.1,0.9,0.0,0.0,100,0.002446514484594098,sample_size
0.9015252328795168,1.1527280171972567,0.839594636093766,adult_income,logistic_regression,0,0.1,0.9,0.0,0.0,500,0.0015252328795167802,sample_size
0.9054150885453988,1.1355307605691474,0.8456341488381616,adult_income,logistic_regression,0,0.1,0.9,0.0,0.0,1000,0.0054150885453987385,sample_size
0.9056198177909714,1.1190500563005426,0.8519807554509161,adult_income,logistic_regression,0,0.1,0.9,0.0,0.0,full,0.005619817790971426,sample_size
0.9032654314668851,1.1131129081789333,0.8539256832838571,adult_income,logistic_regression,1,0.1,0.9,0.0,0.0,full,0.0032654314668850715,sample_size
0.8929266045654621,1.112703449687788,0.8428703040229297,adult_income,logistic_regression,1,0.1,0.9,0.1,0.0,full,-0.007073395434537888,distribution_shift
0.8681543658511618,1.1052308322243833,0.8213737332377931,adult_income,logistic_regression,1,0.1,0.9,0.2,0.0,full,-0.03184563414883823,distribution_shift
0.7821680827106152,1.0861910123861194,0.7416316920872147,adult_income,logistic_regression,1,0.1,0.9,0.5,0.0,full,-0.1178319172893848,distribution_shift
0.6813389292660457,1.0581431057426554,0.6526768348858635,adult_income,logistic_regression,1,0.1,0.9,1.0,0.0,full,-0.21866107073395435,distribution_shift
0.9032654314668851,1.1131129081789333,0.8539256832838571,adult_income,logistic_regression,1,0.1,0.9,0.0,0.0,full,0.0032654314668850715,sample_size
0.906336370150476,1.1258061214044426,0.8512642030914116,adult_income,logistic_regression,1,0.1,0.9,0.0,0.1,full,0.006336370150475945,label_noise
0.9044938069403214,1.1370662299109429,0.8455317842153751,adult_income,logistic_regression,1,0.1,0.9,0.0,0.2,full,0.004493806940321421,label_noise
0.9034701607124578,1.1453577643566384,0.8422561162862114,adult_income,logistic_regression,1,0.1,0.9,0.0,0.3,full,0.0034701607124577594,label_noise
0.9008086805200123,1.2067765380284574,0.8121609171870202,adult_income,logistic_regression,1,0.1,0.9,0.0,0.0,100,0.0008086805200122615,sample_size
0.8996826696693623,1.1436175657692702,0.8351929573139523,adult_income,logistic_regression,1,0.1,0.9,0.0,0.0,500,-0.00031733033063774396,sample_size
0.9059269116593305,1.1411608148223973,0.8431773978912888,adult_income,logistic_regression,1,0.1,0.9,0.0,0.0,1000,0.005926911659330458,sample_size
0.9032654314668851,1.1131129081789333,0.8539256832838571,adult_income,logistic_regression,1,0.1,0.9,0.0,0.0,full,0.0032654314668850715,sample_size
0.8992732111782168,1.1074828539256834,0.8482956290306071,adult_income,logistic_regression,2,0.1,0.9,0.0,0.0,full,-0.0007267888217832308,sample_size
0.8909816767325213,1.107380489302897,0.8409253761899887,adult_income,logistic_regression,2,0.1,0.9,0.1,0.0,full,-0.009018323267478756,distribution_shift
0.8675401781144436,1.0981676732521242,0.8215784624833657,adult_income,logistic_regression,2,0.1,0.9,0.2,0.0,full,-0.032459821885556406,distribution_shift
0.7859555737537107,1.080765687378442,0.7465451939809602,adult_income,logistic_regression,2,0.1,0.9,0.5,0.0,full,-0.1140444262462893,distribution_shift
0.6790869075647457,1.0498515712969598,0.6534957518681543,adult_income,logistic_regression,2,0.1,0.9,1.0,0.0,full,-0.22091309243525437,distribution_shift
0.8992732111782168,1.1074828539256834,0.8482956290306071,adult_income,logistic_regression,2,0.1,0.9,0.0,0.0,full,-0.0007267888217832308,sample_size
0.8984542941959259,1.1120892619510696,0.8492169106356843,adult_income,logistic_regression,2,0.1,0.9,0.0,0.1,full,-0.0015457058040740934,label_noise
0.8977377418364213,1.1268297676323062,0.8423584809089979,adult_income,logistic_regression,2,0.1,0.9,0.0,0.2,full,-0.002262258163578723,label_noise
0.8989661173098578,1.1400348039717474,0.8361142389190296,adult_income,logistic_regression,2,0.1,0.9,0.0,0.3,full,-0.0010338826901422626,label_noise
0.9011157743883714,1.19797318046883,0.8182004299314157,adult_income,logistic_regression,2,0.1,0.9,0.0,0.0,100,0.0011157743883714044,sample_size
0.8997850342921486,1.1193571501689017,0.8449175964786569,adult_income,logistic_regression,2,0.1,0.9,0.0,0.0,500,-0.0002149657078514,sample_size
0.9016275975023033,1.121711536492988,0.8448152318558706,adult_income,logistic_regression,2,0.1,0.9,0.0,0.0,1000,0.0016275975023032352,sample_size
0.8992732111782168,1.1074828539256834,0.8482956290306071,adult_income,logistic_regression,2,0.1,0.9,0.0,0.0,full,-0.0007267888217832308,sample_size
0.8997850342921486,1.1170027638448152,0.8458388780837343,adult_income,logistic_regression,3,0.1,0.9,0.0,0.0,full,-0.0002149657078514,sample_size
0.8918005937148121,1.120278431773979,0.8369331559013206,adult_income,logistic_regression,3,0.1,0.9,0.1,0.0,full,-0.008199406285187893,distribution_shift
0.8696898351929573,1.115876752994165,0.8164602313440475,adult_income,logistic_regression,3,0.1,0.9,0.2,0.0,full,-0.03031016480704274,distribution_shift
0.7852390213942062,1.0927423482444467,0.7401985873682055,adult_income,logistic_regression,3,0.1,0.9,0.5,0.0,full,-0.11476097860579382,distribution_shift
0.6801105537926093,1.0594738458388782,0.651141365544068,adult_income,logistic_regression,3,0.1,0.9,1.0,0.0,full,-0.2198894462073907,distribution_shift
0.8997850342921486,1.1170027638448152,0.8458388780837343,adult_income,logistic_regression,3,0.1,0.9,0.0,0.0,full,-0.0002149657078514,sample_size
0.9015252328795168,1.1307196232981882,0.8440986794963661,adult_income,logistic_regression,3,0.1,0.9,0.0,0.1,full,0.0015252328795167802,label_noise
0.8997850342921486,1.1417750025591156,0.8371378851468932,adult_income,logistic_regression,3,0.1,0.9,0.0,0.2,full,-0.0002149657078514,label_noise
0.8979424710819941,1.1587675299416522,0.8334527587265841,adult_income,logistic_regression,3,0.1,0.9,0.0,0.3,full,-0.002057528918005924,label_noise
0.8974306479680623,1.2225406899375575,0.792199815743679,adult_income,logistic_regression,3,0.1,0.9,0.0,0.0,100,-0.002569352031937755,sample_size
0.8992732111782168,1.1591769884327976,0.8315078308936431,adult_income,logistic_regression,3,0.1,0.9,0.0,0.0,500,-0.0007267888217832308,sample_size
0.8993755758010031,1.125089569044938,0.8462483365748797,adult_income,logistic_regression,3,0.1,0.9,0.0,0.0,1000,-0.0006244241989968868,sample_size
0.8997850342921486,1.1170027638448152,0.8458388780837343,adult_income,logistic_regression,3,0.1,0.9,0.0,0.0,full,-0.0002149657078514,sample_size
0.9071552871327669,1.1201760671511924,0.8535162247927116,adult_income,logistic_regression,4,0.1,0.9,0.0,0.0,full,0.007155287132766919,sample_size
0.8974306479680623,1.1209949841334834,0.8445081379875116,adult_income,logistic_regression,4,0.1,0.9,0.1,0.0,full,-0.002569352031937755,distribution_shift
0.8746033370867028,1.1111679803459924,0.8218855563517249,adult_income,logistic_regression,4,0.1,0.9,0.2,0.0,full,-0.02539666291329723,distribution_shift
0.7902548879107381,1.0916163373937966,0.7477735694543965,adult_income,logistic_regression,4,0.1,0.9,0.5,0.0,full,-0.10974511208926196,distribution_shift
0.6817483877571912,1.0613164090490326,0.6524721056402907,adult_income,logistic_regression,4,0.1,0.9,1.0,0.0,full,-0.21825161224280887,distribution_shift
0.9071552871327669,1.1201760671511924,0.8535162247927116,adult_income,logistic_regression,4,0.1,0.9,0.0,0.0,full,0.007155287132766919,sample_size
0.9045961715631078,1.1221209949841335,0.8499334629951889,adult_income,logistic_regression,4,0.1,0.9,0.0,0.1,full,0.004596171563107765,label_noise
0.9041867130719623,1.1366567714197973,0.8444057733647251,adult_income,logistic_regression,4,0.1,0.9,0.0,0.2,full,0.004186713071962278,label_noise
0.9053127239226123,1.1551847681441294,0.8403111884532706,adult_income,logistic_regression,4,0.1,0.9,0.0,0.3,full,0.0053127239226122835,label_noise
0.9073600163783396,1.2642030914116082,0.8030504657590337,adult_income,logistic_regression,4,0.1,0.9,0.0,0.0,100,0.007360016378339607,sample_size
0.906336370150476,1.155389497389702,0.8399017299621251,adult_income,logistic_regression,4,0.1,0.9,0.0,0.0,500,0.006336370150475945,sample_size
0.9035725253352441,1.12560139215887,0.8481932644078206,adult_income,logistic_regression,4,0.1,0.9,0.0,0.0,1000,0.0035725253352441033,sample_size
0.9071552871327669,1.1201760671511924,0.8535162247927116,adult_income,logistic_regression,4,0.1,0.9,0.0,0.0,full,0.007155287132766919,sample_size
0.9039819838263896,1.0858839185177602,0.8640597809397073,adult_income,random_forest,0,0.1,0.9,0.0,0.0,full,0.00398198382638959,sample_size
0.8988637526870713,1.0873170232367693,0.860067560651039,adult_income,random_forest,0,0.1,0.9,0.1,0.0,full,-0.0011362473129287176,distribution_shift
0.8936431569249668,1.0890572218241377,0.853618589415498,adult_income,random_forest,0,0.1,0.9,0.2,0.0,full,-0.006356843075033258,distribution_shift
0.8539256832838571,1.1165933053536699,0.7970109530146381,adult_income,random_forest,0,0.1,0.9,0.5,0.0,full,-0.04607431671614293,distribution_shift
0.8083734261439247,1.1764766096836934,0.7156310778994779,adult_income,random_forest,0,0.1,0.9,1.0,0.0,full,-0.09162657385607531,distribution_shift
0.9039819838263896,1.0858839185177602,0.8640597809397073,adult_income,random_forest,0,0.1,0.9,0.0,0.0,full,0.00398198382638959,sample_size
0.9027536083529533,1.087828846350701,0.8641621455624936,adult_income,random_forest,0,0.1,0.9,0.0,0.1,full,0.0027536083529532407,label_noise
0.9022417852390214,1.099805507216706,0.8579179035725253,adult_income,random_forest,0,0.1,0.9,0.0,0.2,full,0.00224178523902141,label_noise
0.9048009008086805,1.1330740096222744,0.8490121813901116,adult_income,random_forest,0,0.1,0.9,0.0,0.3,full,0.004800900808680453,label_noise
0.9028559729757396,1.2171153649298803,0.8093970723717883,adult_income,random_forest,0,0.1,0.9,0.0,0.0,100,0.0028559729757395846,sample_size
0.9011157743883714,1.1476097860579384,0.8381615313747569,adult_income,random_forest,0,0.1,0.9,0.0,0.0,500,0.0011157743883714044,sample_size
0.9075647456239124,1.1392158869894564,0.8481932644078206,adult_income,random_forest,0,0.1,0.9,0.0,0.0,1000,0.007564745623912406,sample_size
0.9039819838263896,1.0858839185177602,0.8640597809397073,adult_income,random_forest,0,0.1,0.9,0.0,0.0,full,0.00398198382638959,sample_size
0.9067458286416215,1.086395741631692,0.8696898351929573,adult_income,random_forest,1,0.1,0.9,0.0,0.0,full,0.006745828641621432,sample_size
0.9027536083529533,1.0874193878595557,0.8660047087726481,adult_income,random_forest,1,0.1,0.9,0.1,0.0,full,0.0027536083529532407,distribution_shift
0.898761388064285,1.0899785034292149,0.8573037158358071,adult_income,random_forest,1,0.1,0.9,0.2,0.0,full,-0.0012386119357150616,distribution_shift
0.8608864776333299,1.1230422765892107,0.7986487869792199,adult_income,random_forest,1,0.1,0.9,0.5,0.0,full,-0.039113522366670095,distribution_shift
0.8103183539768656,1.176374245060907,0.7158358071450507,adult_income,random_forest,1,0.1,0.9,1.0,0.0,full,-0.08968164602313444,distribution_shift
0.9067458286416215,1.086395741631692,0.8696898351929573,adult_income,random_forest,1,0.1,0.9,0.0,0.0,full,0.006745828641621432,sample_size
0.9065410993960488,1.0888524925785648,0.8681543658511618,adult_income,random_forest,1,0.1,0.9,0.0,0.1,full,0.006541099396048744,label_noise
0.9061316409049033,1.0938683590950968,0.86539052103593,adult_income,random_forest,1,0.1,0.9,0.0,0.2,full,0.006131640904903257,label_noise
0.9083836626062033,1.132664551131129,0.8538233186610708,adult_income,random_forest,1,0.1,0.9,0.0,0.3,full,0.008383662606203268,label_noise
0.8999897635377213,1.1969495342409664,0.8219879209745112,adult_income,random_forest,1,0.1,0.9,0.0,0.0,100,-1.023646227871211e-05,sample_size
0.9022417852390214,1.1397277101033882,0.8368307912785341,adult_income,random_forest,1,0.1,0.9,0.0,0.0,500,0.00224178523902141,sample_size
0.9073600163783396,1.1457672228477838,0.8455317842153751,adult_income,random_forest,1,0.1,0.9,0.0,0.0,1000,0.007360016378339607,sample_size
0.9067458286416215,1.086395741631692,0.8696898351929573,adult_income,random_forest,1,0.1,0.9,0.0,0.0,full,0.006745828641621432,sample_size
0.9005015866516531,1.0821987920974512,0.8615006653700481,adult_income,random_forest,2,0.1,0.9,0.0,0.0,full,0.0005015866516531187,sample_size
0.897635377213635,1.0837342614392467,0.8585320913092436,adult_income,random_forest,2,0.1,0.9,0.1,0.0,full,-0.002364622786365067,distribution_shift
0.8938478861705395,1.088033575596274,0.8529020370559934,adult_income,random_forest,2,0.1,0.9,0.2,0.0,full,-0.00615211382946057,distribution_shift
0.8425632101545706,1.0945849114546014,0.7970109530146381,adult_income,random_forest,2,0.1,0.9,0.5,0.0,full,-0.05743678984542944,distribution_shift
0.8068379568021292,1.1632715733442522,0.7227966014945235,adult_income,random_forest,2,0.1,0.9,1.0,0.0,full,-0.0931620431978708,distribution_shift
0.9005015866516531,1.0821987920974512,0.8615006653700481,adult_income,random_forest,2,0.1,0.9,0.0,0.0,full,0.0005015866516531187,sample_size
0.9005015866516531,1.0866004708772647,0.8604770191421844,adult_income,random_forest,2,0.1,0.9,0.0,0.1,full,0.0005015866516531187,label_noise
0.8981472003275668,1.0916163373937966,0.8577131743269526,adult_income,random_forest,2,0.1,0.9,0.0,0.2,full,-0.0018527996724332363,label_noise
0.8985566588187123,1.1252942982905108,0.8482956290306071,adult_income,random_forest,2,0.1,0.9,0.0,0.3,full,-0.0014433411812877495,label_noise
0.8979424710819941,1.1997133790561982,0.8159484082301157,adult_income,random_forest,2,0.1,0.9,0.0,0.0,100,-0.002057528918005924,sample_size
0.9017299621250896,1.1393182516122429,0.8393899068481933,adult_income,random_forest,2,0.1,0.9,0.0,0.0,500,0.0017299621250895791,sample_size
0.8993755758010031,1.1164909407308834,0.8482956290306071,adult_income,random_forest,2,0.1,0.9,0.0,0.0,1000,-0.0006244241989968868,sample_size
0.9005015866516531,1.0821987920974512,0.8615006653700481,adult_income,random_forest,2,0.1,0.9,0.0,0.0,full,0.0005015866516531187,sample_size
0.9031630668440986,1.086395741631692,0.8634455932029891,adult_income,random_forest,3,0.1,0.9,0.0,0.0,full,0.0031630668440986165,sample_size
0.898761388064285,1.086395741631692,0.8586344559320299,adult_income,random_forest,3,0.1,0.9,0.1,0.0,full,-0.0012386119357150616,distribution_shift
0.8947691677756168,1.0887501279557785,0.8553587880028662,adult_income,random_forest,3,0.1,0.9,0.2,0.0,full,-0.005230832224383253,distribution_shift
0.8489098167673252,1.1112703449687789,0.7956802129184154,adult_income,random_forest,3,0.1,0.9,0.5,0.0,full,-0.05109018323267478,distribution_shift
0.7994677039615109,1.163783396458184,0.7101033882690142,adult_income,random_forest,3,0.1,0.9,1.0,0.0,full,-0.10053229603848912,distribution_shift
0.9031630668440986,1.086395741631692,0.8634455932029891,adult_income,random_forest,3,0.1,0.9,0.0,0.0,full,0.0031630668440986165,sample_size
0.899887398914935,1.0831200737025284,0.8624219469751254,adult_income,random_forest,3,0.1,0.9,0.0,0.1,full,-0.00011260108506505606,label_noise
0.8979424710819941,1.0940730883406695,0.8557682464940116,adult_income,random_forest,3,0.1,0.9,0.0,0.2,full,-0.002057528918005924,label_noise
0.8960999078718395,1.1268297676323062,0.8423584809089979,adult_income,random_forest,3,0.1,0.9,0.0,0.3,full,-0.0039000921281605594,label_noise
0.8967140956085576,1.189579281400348,0.8108301770907974,adult_income,random_forest,3,0.1,0.9,0.0,0.0,100,-0.0032859043914423847,sample_size
0.8973282833452759,1.1566178728631384,0.8313031016480704,adult_income,random_forest,3,0.1,0.9,0.0,0.0,500,-0.002671716654724099,sample_size
0.8975330125908486,1.1230422765892107,0.8420513870406388,adult_income,random_forest,3,0.1,0.9,0.0,0.0,1000,-0.002466987409151411,sample_size
0.9031630668440986,1.086395741631692,0.8634455932029891,adult_income,random_forest,3,0.1,0.9,0.0,0.0,full,0.0031630668440986165,sample_size
0.9017299621250896,1.079639676527792,0.8671307196232982,adult_income,random_forest,4,0.1,0.9,0.0,0.0,full,0.0017299621250895791,sample_size
0.8990684819326441,1.0813798751151602,0.8627290408434845,adult_income,random_forest,4,0.1,0.9,0.1,0.0,full,-0.0009315180673559187,distribution_shift
0.8951786262667623,1.0862933770089058,0.8572013512130208,adult_income,random_forest,4,0.1,0.9,0.2,0.0,full,-0.004821373733237766,distribution_shift
0.8520831200737026,1.1029788105230833,0.8027433718906746,adult_income,random_forest,4,0.1,0.9,0.5,0.0,full,-0.04791687992629745,distribution_shift
0.7968062237690654,1.1534445695567612,0.7143003378032552,adult_income,random_forest,4,0.1,0.9,1.0,0.0,full,-0.10319377623093462,distribution_shift
0.9017299621250896,1.079639676527792,0.8671307196232982,adult_income,random_forest,4,0.1,0.9,0.0,0.0,full,0.0017299621250895791,sample_size
0.9007063158972259,1.0820964274746647,0.8632408639574163,adult_income,random_forest,4,0.1,0.9,0.0,0.1,full,0.0007063158972259176,label_noise
0.905210359299826,1.1040024567509468,0.8602722898966118,adult_income,random_forest,4,0.1,0.9,0.0,0.2,full,0.00521035929982594,label_noise
0.9054150885453988,1.1375780530248747,0.8496263691268298,adult_income,random_forest,4,0.1,0.9,0.0,0.3,full,0.0054150885453987385,label_noise
0.9008086805200123,1.2048316101955163,0.8223973794656567,adult_income,random_forest,4,0.1,0.9,0.0,0.0,100,0.0008086805200122615,sample_size
0.9033677960896714,1.1552871327669159,0.8294605384379159,adult_income,random_forest,4,0.1,0.9,0.0,0.0,500,0.0033677960896714154,sample_size
0.9032654314668851,1.1219162657385608,0.8480908997850343,adult_income,random_forest,4,0.1,0.9,0.0,0.0,1000,0.0032654314668850715,sample_size
0.9017299621250896,1.079639676527792,0.8671307196232982,adult_income,random_forest,4,0.1,0.9,0.0,0.0,full,0.0017299621250895791,sample_size
0.9058245470365441,1.0846555430443239,0.8660047087726481,adult_income,gradient_boosting,0,0.1,0.9,0.0,0.0,full,0.005824547036544114,sample_size
0.8994779404237896,1.091718702016583,0.8597604667826799,adult_income,gradient_boosting,0,0.1,0.9,0.1,0.0,full,-0.0005220595762104319,distribution_shift
0.8938478861705395,1.0963251100419695,0.8530044016787798,adult_income,gradient_boosting,0,0.1,0.9,0.2,0.0,full,-0.00615211382946057,distribution_shift
0.8089876138806429,1.101545705804074,0.7615927935305559,adult_income,gradient_boosting,0,0.1,0.9,0.5,0.0,full,-0.09101238611935714,distribution_shift
0.6660866004708773,1.120585525642338,0.6076364008598628,adult_income,gradient_boosting,0,0.1,0.9,1.0,0.0,full,-0.2339133995291227,distribution_shift
0.9058245470365441,1.0846555430443239,0.8660047087726481,adult_income,gradient_boosting,0,0.1,0.9,0.0,0.0,full,0.005824547036544114,sample_size
0.9100214965707851,1.0941754529634558,0.8650834271675709,adult_income,gradient_boosting,0,0.1,0.9,0.0,0.1,full,0.010021496570785104,label_noise
0.9097144027024261,1.1013409765585014,0.8647763332992118,adult_income,gradient_boosting,0,0.1,0.9,0.0,0.2,full,0.009714402702426073,label_noise
0.9027536083529533,1.100726788821783,0.8595557375371071,adult_income,gradient_boosting,0,0.1,0.9,0.0,0.3,full,0.0027536083529532407,label_noise
0.8957928140034804,1.2320605998566896,0.7913808987613881,adult_income,gradient_boosting,0,0.1,0.9,0.0,0.0,100,-0.004207185996519591,sample_size
0.9036748899580305,1.1443341181287747,0.8453270549698024,adult_income,gradient_boosting,0,0.1,0.9,0.0,0.0,500,0.0036748899580304473,sample_size
0.9053127239226123,1.12560139215887,0.8509571092230526,adult_income,gradient_boosting,0,0.1,0.9,0.0,0.0,1000,0.0053127239226122835,sample_size
0.9058245470365441,1.0846555430443239,0.8660047087726481,adult_income,gradient_boosting,0,0.1,0.9,0.0,0.0,full,0.005824547036544114,sample_size
0.9080765687378441,1.0862933770089058,0.8686661889650936,adult_income,gradient_boosting,1,0.1,0.9,0.0,0.0,full,0.008076568737844125,sample_size
0.8994779404237896,1.087828846350701,0.8615006653700481,adult_income,gradient_boosting,1,0.1,0.9,0.1,0.0,full,-0.0005220595762104319,distribution_shift
0.8939502507933258,1.0899785034292149,0.8543351417750026,adult_income,gradient_boosting,1,0.1,0.9,0.2,0.0,full,-0.0060497492066742264,distribution_shift
0.8129798341693111,1.106254478452247,0.7639471798546422,adult_income,gradient_boosting,1,0.1,0.9,0.5,0.0,full,-0.08702016583068894,distribution_shift
0.6394717985464223,1.113829460538438,0.585525642338008,adult_income,gradient_boosting,1,0.1,0.9,1.0,0.0,full,-0.2605282014535777,distribution_shift
0.9080765687378441,1.0862933770089058,0.8686661889650936,adult_income,gradient_boosting,1,0.1,0.9,0.0,0.0,full,0.008076568737844125,sample_size
0.907462381001126,1.0920257958849422,0.8641621455624936,adult_income,gradient_boosting,1,0.1,0.9,0.0,0.1,full,0.007462381001125951,label_noise
0.9056198177909714,1.090899785034292,0.8627290408434845,adult_income,gradient_boosting,1,0.1,0.9,0.0,0.2,full,0.005619817790971426,label_noise
0.9080765687378441,1.1080970416624014,0.8593510082915344,adult_income,gradient_boosting,1,0.1,0.9,0.0,0.3,full,0.008076568737844125,label_noise
0.8973282833452759,1.20135121302078,0.8101136247312929,adult_income,gradient_boosting,1,0.1,0.9,0.0,0.0,100,-0.002671716654724099,sample_size
0.9022417852390214,1.14249155491862,0.8362166035418159,adult_income,gradient_boosting,1,0.1,0.9,0.0,0.0,500,0.00224178523902141,sample_size
0.9024465144845941,1.1199713379056198,0.8545398710205753,adult_income,gradient_boosting,1,0.1,0.9,0.0,0.0,1000,0.002446514484594098,sample_size
0.9080765687378441,1.0862933770089058,0.8686661889650936,adult_income,gradient_boosting,1,0.1,0.9,0.0,0.0,full,0.008076568737844125,sample_size
0.8993755758010031,1.076261643975842,0.8616030299928344,adult_income,gradient_boosting,2,0.1,0.9,0.0,0.0,full,-0.0006244241989968868,sample_size
0.894564438530044,1.082710615211383,0.8545398710205753,adult_income,gradient_boosting,2,0.1,0.9,0.1,0.0,full,-0.005435561469956052,distribution_shift
0.8867847271982803,1.0856791892721875,0.8466577950660252,adult_income,gradient_boosting,2,0.1,0.9,0.2,0.0,full,-0.013215272801719746,distribution_shift
0.8077592384072064,1.0890572218241377,0.7645613675913604,adult_income,gradient_boosting,2,0.1,0.9,0.5,0.0,full,-0.0922407615927936,distribution_shift
0.6673149759443137,1.0997031425939194,0.618896509366363,adult_income,gradient_boosting,2,0.1,0.9,1.0,0.0,full,-0.23268502405568636,distribution_shift
0.8993755758010031,1.076261643975842,0.8616030299928344,adult_income,gradient_boosting,2,0.1,0.9,0.0,0.0,full,-0.0006244241989968868,sample_size
0.8973282833452759,1.0793325826594329,0.8587368205548163,adult_income,gradient_boosting,2,0.1,0.9,0.0,0.1,full,-0.002671716654724099,label_noise
0.8968164602313441,1.0845531784215374,0.8570989865902344,adult_income,gradient_boosting,2,0.1,0.9,0.0,0.2,full,-0.0031835397686559297,label_noise
0.8966117309857713,1.0943801822090287,0.8518783908281298,adult_income,gradient_boosting,2,0.1,0.9,0.0,0.3,full,-0.0033882690142287286,label_noise
0.8982495649503531,1.1896816460231343,0.8136963865288156,adult_income,gradient_boosting,2,0.1,0.9,0.0,0.0,100,-0.0017504350496468923,sample_size
0.9045961715631078,1.120278431773979,0.8530044016787798,adult_income,gradient_boosting,2,0.1,0.9,0.0,0.0,500,0.004596171563107765,sample_size
0.893438427679394,1.0943801822090287,0.8530044016787798,adult_income,gradient_boosting,2,0.1,0.9,0.0,0.0,1000,-0.006561572320606057,sample_size
0.8993755758010031,1.076261643975842,0.8616030299928344,adult_income,gradient_boosting,2,0.1,0.9,0.0,0.0,full,-0.0006244241989968868,sample_size
0.8978401064592076,1.0748285392568329,0.8629337700890573,adult_income,gradient_boosting,3,0.1,0.9,0.0,0.0,full,-0.002159893540792379,sample_size
0.8913911352236668,1.0771829255809193,0.8556658818712253,adult_income,gradient_boosting,3,0.1,0.9,0.1,0.0,full,-0.00860886477633327,distribution_shift
0.8863752687071348,1.0769781963353464,0.8508547446002661,adult_income,gradient_boosting,3,0.1,0.9,0.2,0.0,full,-0.013624731292865233,distribution_shift
0.8162555020984748,1.0895690449380695,0.7756167468522879,adult_income,gradient_boosting,3,0.1,0.9,0.5,0.0,full,-0.08374449790152527,distribution_shift
0.6731497594431365,1.093970723717883,0.6247312928651858,adult_income,gradient_boosting,3,0.1,0.9,1.0,0.0,full,-0.22685024055686354,distribution_shift
0.8978401064592076,1.0748285392568329,0.8629337700890573,adult_income,gradient_boosting,3,0.1,0.9,0.0,0.0,full,-0.002159893540792379,sample_size
0.8996826696693623,1.0851673661582557,0.8592486436687481,adult_income,gradient_boosting,3,0.1,0.9,0.0,0.1,full,-0.00031733033063774396,label_noise
0.8991708465554304,1.0895690449380695,0.8580202681953117,adult_income,gradient_boosting,3,0.1,0.9,0.0,0.2,full,-0.0008291534445695747,label_noise
0.8989661173098578,1.099805507216706,0.8546422356433616,adult_income,gradient_boosting,3,0.1,0.9,0.0,0.3,full,-0.0010338826901422626,label_noise
0.9025488791073805,1.2869280376701813,0.7808373426143924,adult_income,gradient_boosting,3,0.1,0.9,0.0,0.0,100,0.0025488791073804418,sample_size
0.9014228682567305,1.1619408332480294,0.8344764049544477,adult_income,gradient_boosting,3,0.1,0.9,0.0,0.0,500,0.0014228682567304363,sample_size
0.8994779404237896,1.0958132869280377,0.8575084450813799,adult_income,gradient_boosting,3,0.1,0.9,0.0,0.0,1000,-0.0005220595762104319,sample_size
0.8978401064592076,1.0748285392568329,0.8629337700890573,adult_income,gradient_boosting,3,0.1,0.9,0.0,0.0,full,-0.002159893540792379,sample_size
0.9003992220288668,1.0740096222745419,0.8663118026410073,adult_income,gradient_boosting,4,0.1,0.9,0.0,0.0,full,0.0003992220288667747,sample_size
0.8960999078718395,1.0764663732214146,0.8591462790459617,adult_income,gradient_boosting,4,0.1,0.9,0.1,0.0,full,-0.0039000921281605594,distribution_shift
0.8885249257856485,1.0793325826594329,0.8515712969597707,adult_income,gradient_boosting,4,0.1,0.9,0.2,0.0,full,-0.011475074214351566,distribution_shift
0.8221926502200839,1.0760569147302692,0.7850342921486334,adult_income,gradient_boosting,4,0.1,0.9,0.5,0.0,full,-0.0778073497799161,distribution_shift
0.692087214658614,1.0775923840720647,0.6551335858327362,adult_income,gradient_boosting,4,0.1,0.9,1.0,0.0,full,-0.20791278534138602,distribution_shift
0.9003992220288668,1.0740096222745419,0.8663118026410073,adult_income,gradient_boosting,4,0.1,0.9,0.0,0.0,full,0.0003992220288667747,sample_size
0.9001944927832941,1.0787183949227148,0.8645716040536391,adult_income,gradient_boosting,4,0.1,0.9,0.0,0.1,full,0.0001944927832940868,label_noise
0.8983519295731395,1.0848602722898966,0.8602722898966118,adult_income,gradient_boosting,4,0.1,0.9,0.0,0.2,full,-0.0016480704268605484,label_noise
0.8995803050465759,1.0920257958849422,0.8588391851776026,adult_income,gradient_boosting,4,0.1,0.9,0.0,0.3,full,-0.0004196949534240879,label_noise
0.8982495649503531,1.2923533626778585,0.7848295629030607,adult_income,gradient_boosting,4,0.1,0.9,0.0,0.0,100,-0.0017504350496468923,sample_size
0.9050056300542533,1.1587675299416522,0.8331456648582249,adult_income,gradient_boosting,4,0.1,0.9,0.0,0.0,500,0.005005630054253252,sample_size
0.9012181390111578,1.114136554406797,0.8493192752584706,adult_income,gradient_boosting,4,0.1,0.9,0.0,0.0,1000,0.0012181390111577484,sample_size
0.9003992220288668,1.0740096222745419,0.8663118026410073,adult_income,gradient_boosting,4,0.1,0.9,0.0,0.0,full,0.0003992220288667747,sample_size
